url,priority,category
https://csuitemagazine.global/executive-salaries,HIGH,Salaries Hub
https://csuitemagazine.global/executive-salaries/bob-iger,HIGH,CEO Salary Page
https://csuitemagazine.global/executive-salaries/lisa-su,HIGH,CEO Salary Page
https://csuitemagazine.global/executive-salaries/brian-moynihan,HIGH,CEO Salary Page
https://csuitemagazine.global/executive-salaries/jamie-dimon,HIGH,CEO Salary Page
https://csuitemagazine.global/executive-salaries/mary-barra,HIGH,CEO Salary Page
https://csuitemagazine.global/executive-salaries/andy-jassy,HIGH,CEO Salary Page
https://csuitemagazine.global/executive-salaries/jensen-huang,HIGH,CEO Salary Page
https://csuitemagazine.global/executive-salaries/sundar-pichai,HIGH,CEO Salary Page
https://csuitemagazine.global/executive-salaries/satya-nadella,HIGH,CEO Salary Page
https://csuitemagazine.global/executive-salaries/tim-cook,HIGH,CEO Salary Page
https://csuitemagazine.global/category/cxo-interview/azhan-shafriman-hanifs-strategic-vision,HIGH,CXO Interview
https://csuitemagazine.global/category/cxo-interview/harjinder-shergill-chimas-strategic-vision,HIGH,CXO Interview
https://csuitemagazine.global/category/cxo-interview/bob-bagbys-vision-for-entertainment-innovation,HIGH,CXO Interview
https://csuitemagazine.global/category/cxo-interview/bryce-tully,HIGH,CXO Interview
https://csuitemagazine.global/category/cxo-interview/dr-basma-ghandourah,HIGH,CXO Interview
https://csuitemagazine.global/category/cxo-interview/john-zangardi,HIGH,CXO Interview
https://csuitemagazine.global/category/cxo-interview/john-farahis-vision-for-entertainment-innovation,HIGH,CXO Interview
https://csuitemagazine.global/category/cxo-interview/david-prossers-strategic-fitness-revolution,HIGH,CXO Interview
https://csuitemagazine.global/category/cxo-interview/brianne-howey,HIGH,CXO Interview
https://csuitemagazine.global/category/cxo-interview/bryan-smeltzer,HIGH,CXO Interview
https://csuitemagazine.global/category/cxo-interview/dean-fealk,HIGH,CXO Interview
https://csuitemagazine.global/category/cxo-interview/benjamin-borketey,HIGH,CXO Interview
https://csuitemagazine.global/category/cxo-interview/pankaj-bansal,HIGH,CXO Interview
https://csuitemagazine.global/category/cxo-interview/swami-aniruddha,HIGH,CXO Interview
https://csuitemagazine.global/category/cxo-interview/supreet-nagi,HIGH,CXO Interview
https://csuitemagazine.global/category/cxo-interview/building-entertainment-empires-lester-elders-executive-vision,HIGH,CXO Interview
https://csuitemagazine.global/category/cxo-interview/olga-denysiuk,HIGH,CXO Interview
https://csuitemagazine.global/category/cxo-interview/erin-krueger,HIGH,CXO Interview
https://csuitemagazine.global/category/cxo-interview/bill-faruki,HIGH,CXO Interview
https://csuitemagazine.global/category/cxo-interview/cal-riley,HIGH,CXO Interview
https://csuitemagazine.global/category/cxo-interview/a-global-mission-taking-root-in-america-angelina-usanovas-bold-new-era,HIGH,CXO Interview
https://csuitemagazine.global/category/cxo-interview/stoyana-natseva,HIGH,CXO Interview
https://csuitemagazine.global/about,MEDIUM,Static Page
https://csuitemagazine.global/contact,MEDIUM,Static Page
https://csuitemagazine.global/category/innovation,MEDIUM,Category Page
https://csuitemagazine.global/category/startups,MEDIUM,Category Page
https://csuitemagazine.global/category/education,MEDIUM,Category Page
https://csuitemagazine.global/category/healthcare,MEDIUM,Category Page
https://csuitemagazine.global/category/changemakers-and-sustainability,MEDIUM,Category Page
https://csuitemagazine.global/category/leadership,MEDIUM,Category Page
https://csuitemagazine.global/category/science-technology,MEDIUM,Category Page
https://csuitemagazine.global/category/professional-services,MEDIUM,Category Page
https://csuitemagazine.global/category/cxo-interview,MEDIUM,Category Page
https://csuitemagazine.global/category/opinion,MEDIUM,Category Page
https://csuitemagazine.global/category/construction-and-mining,MEDIUM,Category Page
https://csuitemagazine.global/category/money-and-finance,MEDIUM,Category Page
https://csuitemagazine.global/category/automotive-and-logistics,MEDIUM,Category Page
https://csuitemagazine.global/category/opinion/australias-premier-superyacht-event-unveils-elite-maritime-excellence,MEDIUM,Article
https://csuitemagazine.global/category/automotive-and-logistics/antje-lochmanns-vision-for-automotive-innovation,MEDIUM,Article
https://csuitemagazine.global/category/automotive-and-logistics/vikas-duttas-strategic-vision-for-global-logistics-innovation,MEDIUM,Article
https://csuitemagazine.global/category/professional-services/nora-frasers-strategic-vision-for-commercial-excellence,MEDIUM,Article
https://csuitemagazine.global/category/professional-services/kento-miura-on-content-driven-innovation,MEDIUM,Article
https://csuitemagazine.global/category/professional-services/eurofins-chinas-strategic-expansion,MEDIUM,Article
https://csuitemagazine.global/category/professional-services/josh-moffat-on-commercial-excellence,MEDIUM,Article
https://csuitemagazine.global/category/construction-and-mining/alan-nortjes-blueprint-for-construction-innovation,MEDIUM,Article
https://csuitemagazine.global/category/construction-and-mining/tirthankar-roys-steel-industry-vision,MEDIUM,Article
https://csuitemagazine.global/category/construction-and-mining/steve-boland-on-elevating-construction-standards,MEDIUM,Article
https://csuitemagazine.global/category/construction-and-mining/george-constantinous-construction-empire,MEDIUM,Article
https://csuitemagazine.global/category/construction-and-mining/henry-mccanns-blueprint-for-construction-industry-excellence,MEDIUM,Article
https://csuitemagazine.global/category/education/ryan-pinto-on-revolutionizing-education-for-tomorrows-leaders,MEDIUM,Article
https://csuitemagazine.global/category/education/jacqueline-edmondson-on-transforming-education-through-innovation,MEDIUM,Article
https://csuitemagazine.global/category/education/rhea-laws-vision-for-educational-excellence,MEDIUM,Article
https://csuitemagazine.global/category/education/stuart-crofts-vision-for-educational-transformation,MEDIUM,Article
https://csuitemagazine.global/category/education/stephen-dackins-vision-for-educational-excellence,MEDIUM,Article
https://csuitemagazine.global/category/innovation/beyond-compliance-how-cognitive-transformation-drives-sustainable-business-innovation,MEDIUM,Article
https://csuitemagazine.global/category/leadership/growth-with-integrity-scaling-your-business-while-preserving-core-values,MEDIUM,Article
https://csuitemagazine.global/category/startups/from-vision-to-market-victory-the-entrepreneurs-blueprint-for-concept-commercialization,MEDIUM,Article
https://csuitemagazine.global/category/startups/breaking-barriers-how-visionary-entrepreneurs-transform-challenges-into-competitive-advantages,MEDIUM,Article
https://csuitemagazine.global/category/changemakers-and-sustainability/the-floating-boardroom-how-seine-river-cruises-are-redefining-executive-retreats-in-the-heart-of-paris,MEDIUM,Article
https://csuitemagazine.global/category/changemakers-and-sustainability/green-libations-how-singapores-eco-conscious-bars-are-redefining-the-hospitality-industry,MEDIUM,Article
https://csuitemagazine.global/category/changemakers-and-sustainability/bridging-centuries-how-chateau-de-collias-transforms-heritage-hospitality-into-modern-market-success,MEDIUM,Article
https://csuitemagazine.global/category/changemakers-and-sustainability/from-naval-steel-to-nautical-nirvana-how-military-vessels-are-revolutionizing-the-superyacht-industry,MEDIUM,Article
https://csuitemagazine.global/category/changemakers-and-sustainability/elevating-the-floating-dining-experience-how-modern-cruises-are-revolutionizing-culinary-excellence-at-sea,MEDIUM,Article
https://csuitemagazine.global/category/leadership/australias-elite-gather-awards-night-insights,MEDIUM,Article
https://csuitemagazine.global/category/leadership/time-management-strategies-for-gen-z-leaders-in-the-modern-workplace,MEDIUM,Article
https://csuitemagazine.global/category/leadership/strategic-leadership-in-the-modern-enterprise,MEDIUM,Article
https://csuitemagazine.global/category/leadership/inside-the-rooms-where-decisions-shape-industries,MEDIUM,Article
https://csuitemagazine.global/category/leadership/strategic-leadership-in-the-digital-age,MEDIUM,Article
https://csuitemagazine.global/category/opinion/frances-premier-executive-retreat-experience,MEDIUM,Article
https://csuitemagazine.global/category/opinion/strategic-art-acquisition-for-executive-portfolios,MEDIUM,Article
https://csuitemagazine.global/category/changemakers-and-sustainability/the-oceans-premium-protein-revolution,MEDIUM,Article
https://csuitemagazine.global/category/changemakers-and-sustainability/singapores-leading-sustainable-bars-where-corporate-responsibility-meets-culinary-excellence,MEDIUM,Article
https://csuitemagazine.global/category/opinion/londons-premier-sunday-roast-destinations-for-business-executives,MEDIUM,Article
https://csuitemagazine.global/category/changemakers-and-sustainability/exclusive-culinary-experiences-in-the-maldives-for-discerning-executives,MEDIUM,Article
https://csuitemagazine.global/category/opinion/luxury-wilderness-retreats-reconnecting-with-nature-while-maintaining-executive-excellence,MEDIUM,Article
https://csuitemagazine.global/category/changemakers-and-sustainability/new-englands-emerging-markets-strategic-investment-opportunities-for-2024,MEDIUM,Article
https://csuitemagazine.global/category/innovation/from-court-to-boardroom-a-champions-business-playbook,MEDIUM,Article
https://csuitemagazine.global/category/innovation/women-leading-the-charge-how-female-executives-are-reshaping-corporate-culture,MEDIUM,Article
https://csuitemagazine.global/category/innovation/samantha-tans-strategic-vision-transforms-motorsport-industry-dynamics,MEDIUM,Article
https://csuitemagazine.global/category/startups/strategic-market-entry-transforming-bold-ideas-into-profitable-ventures,MEDIUM,Article
https://csuitemagazine.global/category/startups/disrupting-the-disruptors-how-emerging-brands-can-leapfrog-market-leaders,MEDIUM,Article
https://csuitemagazine.global/category/money-and-finance/strategic-investment-framework-for-executive-decision-making,MEDIUM,Article
https://csuitemagazine.global/category/money-and-finance/strategic-commercial-real-estate-investment-for-portfolio-optimization,MEDIUM,Article
https://csuitemagazine.global/category/healthcare/kearneys-counterintuitive-strategy-slash-product-lines-to-skyrocket-revenue,MEDIUM,Article
https://csuitemagazine.global/category/healthcare/unlocking-executive-performance-through-daily-movement,MEDIUM,Article
https://csuitemagazine.global/category/healthcare/the-hidden-costs-of-digital-distraction-on-executive-performance,MEDIUM,Article
https://csuitemagazine.global/category/healthcare/how-top-leaders-are-using-science-to-optimize-performance-and-decision-making,MEDIUM,Article
https://csuitemagazine.global/category/healthcare/how-smart-leaders-prioritize-recovery-for-peak-performance,MEDIUM,Article
https://csuitemagazine.global/category/healthcare/why-strategic-rest-drives-executive-performance-and-innovation,MEDIUM,Article
https://csuitemagazine.global/category/healthcare/elite-leadership-retreats-for-peak-performance,MEDIUM,Article
https://csuitemagazine.global/category/healthcare/premium-sleep-sanctuaries-for-optimal-performance,MEDIUM,Article
https://csuitemagazine.global/category/changemakers-and-sustainability/transforming-naval-heritage-into-premium-maritime-experiences,MEDIUM,Article
https://csuitemagazine.global/category/changemakers-and-sustainability/elevating-corporate-entertainment-through-luxury-culinary-experiences-at-sea,MEDIUM,Article
https://csuitemagazine.global/category/opinion/why-mid-size-superyachts-are-the-smart-choice-for-discerning-executives,MEDIUM,Article
https://csuitemagazine.global/category/changemakers-and-sustainability/superyacht-soire-2022-redefining-maritime-luxury-for-elite-executives,MEDIUM,Article
https://csuitemagazine.global/category/innovation/powering-progress-how-strategic-b2b-engagement-drives-sustainable-growth-in-the-energy-sector,MEDIUM,Article
https://csuitemagazine.global/category/opinion/steve-jobs-7-principles-for-unstoppable-success,MEDIUM,Article
https://csuitemagazine.global/category/innovation/elon-musk-building-future-civilization-scale,MEDIUM,Article
https://csuitemagazine.global/category/leadership/amin-nasser-steady-hand-guiding-energy-next-chapter,MEDIUM,Article
https://csuitemagazine.global/category/innovation/yi-he-village-roots-co-ceo-crypto-global-gateway,MEDIUM,Article
https://csuitemagazine.global/category/automotive-and-logistics/andreas-bareis-on-automotive-innovation,MEDIUM,Article
https://csuitemagazine.global/category/automotive-and-logistics/sml-isuzus-strategic-transformation-in-motion,MEDIUM,Article
https://csuitemagazine.global/category/automotive-and-logistics/twinchok-tanthuwanits-strategic-vision-for-automotive-aviation,MEDIUM,Article
https://csuitemagazine.global/category/automotive-and-logistics/r-mohans-strategic-vision-for-automotive-innovation,MEDIUM,Article
https://csuitemagazine.global/category/automotive-and-logistics/sriram-iyer-on-sustainable-palm-oil-innovation,MEDIUM,Article
https://csuitemagazine.global/category/automotive-and-logistics/vic-cheungs-vision-for-automotive-innovation,MEDIUM,Article
https://csuitemagazine.global/category/professional-services/xavier-gondauds-vision-for-aviation-innovation,MEDIUM,Article
https://csuitemagazine.global/category/professional-services/ricky-wong-on-commercial-excellence,MEDIUM,Article
https://csuitemagazine.global/category/professional-services/jennifer-peabody-on-accountable-agency-growth,MEDIUM,Article
https://csuitemagazine.global/category/professional-services/marie-osmonde-le-roy-de-lanauze-molines-on-strategic-vision,MEDIUM,Article
https://csuitemagazine.global/category/professional-services/isabelle-hannedouche-on-global-expansion-and-strategic-vision,MEDIUM,Article
https://csuitemagazine.global/category/professional-services/andrew-quinn-on-commercial-services-innovation,MEDIUM,Article
https://csuitemagazine.global/category/construction-and-mining/curt-crossland-on-construction-innovation,MEDIUM,Article
https://csuitemagazine.global/category/construction-and-mining/vincent-ngs-high-rise-vision,MEDIUM,Article
https://csuitemagazine.global/category/education/martha-dunagin-saunders-on-educational-innovation,MEDIUM,Article
https://csuitemagazine.global/category/education/justin-schwartzs-strategic-vision-for-educational-innovation,MEDIUM,Article
https://csuitemagazine.global/category/innovation/from-court-to-corporation-how-champions-like-sloane-stephens-are-redefining-success-in-business-and-life,MEDIUM,Article
https://csuitemagazine.global/category/changemakers-and-sustainability/the-oceans-hidden-gem-why-pearl-meat-is-revolutionizing-sustainable-seafood-markets,MEDIUM,Article
https://csuitemagazine.global/category/healthcare/strategic-resilience-how-executive-wellness-programs-are-transforming-corporate-leadership-performance,MEDIUM,Article
https://csuitemagazine.global/category/changemakers-and-sustainability/beyond-the-beach-kgaris-untapped-economic-potential-in-sustainable-tourism,MEDIUM,Article
https://csuitemagazine.global/category/leadership/australias-top-business-leaders-who-really-shapes-success,MEDIUM,Article
https://csuitemagazine.global/category/leadership/strategic-leadership-driving-enterprise-growth-in-the-digital-age,MEDIUM,Article
https://csuitemagazine.global/category/opinion/strategic-insights-from-the-worlds-largest-sand-island,MEDIUM,Article
https://csuitemagazine.global/category/innovation/redefining-leadership-for-the-modern-executive,MEDIUM,Article
https://csuitemagazine.global/category/startups/strategic-global-expansion-mastering-international-market-entry-for-modern-enterprises,MEDIUM,Article
https://csuitemagazine.global/category/money-and-finance/building-sustainable-leadership-through-core-principles,MEDIUM,Article
https://csuitemagazine.global/category/healthcare/fiuggis-ancient-waters-modern-wellness-lessons-for-executive-leadership,MEDIUM,Article
https://csuitemagazine.global/category/money-and-finance/charting-a-new-course-jane-frasers-strategic-overhaul-of-citigroup,MEDIUM,Article
https://csuitemagazine.global/category/money-and-finance/navigating-uncertainty-evan-greenbergs-strategic-leadership-at-chubb,MEDIUM,Article
https://csuitemagazine.global/category/leadership/ratan-tata-legacy-ethical-leadership,MEDIUM,Article
https://csuitemagazine.global/category/innovation/chamath-palihapitiya-spac-king-climate-tech-rebel,MEDIUM,Article
https://csuitemagazine.global/category/innovation/ritesh-agarwal-billion-dollar-hostel-kid-rewrote-global-hospitality,MEDIUM,Article
https://csuitemagazine.global/category/leadership/mohamed-alabbar-dubai-master-builder-urban-innovation,MEDIUM,Article
https://csuitemagazine.global/category/automotive-and-logistics/rgis-lacotes-olympic-sized-vision-for-automotive-aviation,MEDIUM,Article
https://csuitemagazine.global/category/automotive-and-logistics/richelle-singson-michaels-aviation-vision,MEDIUM,Article
https://csuitemagazine.global/category/automotive-and-logistics/martijn-blanken-on-aviations-next-frontier,MEDIUM,Article
https://csuitemagazine.global/category/professional-services/fiona-johnstons-strategic-vision-for-commercial-excellence,MEDIUM,Article
https://csuitemagazine.global/category/construction-and-mining/anthony-tan-on-constructions-digital-transformation,MEDIUM,Article
https://csuitemagazine.global/category/construction-and-mining/sarada-bhushan-mohanty-on-construction-innovation,MEDIUM,Article
https://csuitemagazine.global/category/construction-and-mining/manish-gargs-vertical-vision,MEDIUM,Article
https://csuitemagazine.global/category/construction-and-mining/swami-iyers-strategic-vision-for-construction-innovation,MEDIUM,Article
https://csuitemagazine.global/category/education/joan-gurdias-vision-for-educational-transformation,MEDIUM,Article
https://csuitemagazine.global/category/education/william-wilsons-vision-for-transformative-education,MEDIUM,Article
https://csuitemagazine.global/category/education/anders-bjarklevs-vision-for-educational-transformation,MEDIUM,Article
https://csuitemagazine.global/category/education/mohammad-dehghani-on-science-and-technology-innovation,MEDIUM,Article
https://csuitemagazine.global/category/innovation/the-monastic-mindset-how-jay-shetty-transformed-ancient-wisdom-into-modern-media-empire,MEDIUM,Article
https://csuitemagazine.global/category/money-and-finance/beyond-the-monthly-bill-how-intelligent-subscriptions-are-reshaping-customer-loyalty,MEDIUM,Article
https://csuitemagazine.global/category/money-and-finance/why-residential-real-estate-is-losing-its-investment-appeal-a-market-reality-check,MEDIUM,Article
https://csuitemagazine.global/category/healthcare/the-gratitude-advantage-how-appreciation-drives-sustainable-business-performance,MEDIUM,Article
https://csuitemagazine.global/category/healthcare/the-paradox-of-plenty-why-strategic-product-reduction-drives-revenue-growth,MEDIUM,Article
https://csuitemagazine.global/category/innovation/the-hidden-trillion-dollar-water-infrastructure-crisis-threatening-global-business,MEDIUM,Article
https://csuitemagazine.global/category/leadership/the-leadership-evolution-five-transformative-lessons-from-a-quarter-century-of-executive-experience,MEDIUM,Article
https://csuitemagazine.global/category/opinion/cultural-capitals-of-the-cte-dazur-strategic-destinations-for-business-and-leisure,MEDIUM,Article
https://csuitemagazine.global/category/healthcare/the-productivity-paradox-why-strategic-rest-is-your-companys-competitive-advantage,MEDIUM,Article
https://csuitemagazine.global/category/leadership/surviving-the-holiday-crunch-executive-strategies-for-maintaining-performance-through-year-end-pressure,MEDIUM,Article
https://csuitemagazine.global/category/leadership/breaking-the-glass-ceiling-strategic-pathways-for-women-to-ascend-to-executive-leadership,MEDIUM,Article
https://csuitemagazine.global/category/leadership/strategic-leadership-navigating-tomorrows-business-challenges-today,MEDIUM,Article
https://csuitemagazine.global/category/leadership/the-visionary-leaders-shaping-tomorrows-business-landscape,MEDIUM,Article
https://csuitemagazine.global/category/leadership/essential-leadership-qualities-that-drive-tech-startup-success,MEDIUM,Article
https://csuitemagazine.global/category/changemakers-and-sustainability/climate-inaction-equals-corporate-risk-the-lobbying-threat-to-business-leadership,MEDIUM,Article
https://csuitemagazine.global/category/leadership/strategic-leadership-navigating-tomorrows-business-challenges,MEDIUM,Article
https://csuitemagazine.global/category/innovation/the-visionaries-shaping-tomorrows-business-landscape,MEDIUM,Article
https://csuitemagazine.global/category/leadership/the-decision-makers-shaping-tomorrows-business-landscape,MEDIUM,Article
https://csuitemagazine.global/category/changemakers-and-sustainability/where-business-meets-artistic-excellence,MEDIUM,Article
https://csuitemagazine.global/category/changemakers-and-sustainability/premium-local-wines-and-culinary-excellence,MEDIUM,Article
https://csuitemagazine.global/category/opinion/where-ancient-grandeur-meets-contemporary-excellence,MEDIUM,Article
https://csuitemagazine.global/category/changemakers-and-sustainability/formula-ones-elite-hospitality-revolution-redefining-premium-race-experiences-globally,MEDIUM,Article
https://csuitemagazine.global/category/innovation/the-monk-who-built-a-media-empire,MEDIUM,Article
https://csuitemagazine.global/category/startups/strategic-downsizing-how-reducing-team-size-boosted-my-companys-bottom-line,MEDIUM,Article
https://csuitemagazine.global/category/money-and-finance/strategic-moves-for-subscription-market-leaders,MEDIUM,Article
https://csuitemagazine.global/category/money-and-finance/why-residential-real-estate-is-losing-ground-with-institutional-investors,MEDIUM,Article
https://csuitemagazine.global/category/money-and-finance/strategic-value-optimization-essential-framework-for-executive-leadership,MEDIUM,Article
https://csuitemagazine.global/category/money-and-finance/strategic-retirement-planning-for-tech-leaders-in-the-digital-age,MEDIUM,Article
https://csuitemagazine.global/category/healthcare/gratitude-as-a-strategic-advantage-for-executive-leadership,MEDIUM,Article
https://csuitemagazine.global/category/healthcare/hong-kongs-premier-spa-experiences-for-busy-leaders,MEDIUM,Article
https://csuitemagazine.global/category/healthcare/global-retreats-for-peak-performance,MEDIUM,Article
https://csuitemagazine.global/category/changemakers-and-sustainability/strategic-navigation-how-superyacht-innovation-drives-maritime-business-evolution,MEDIUM,Article
https://csuitemagazine.global/category/innovation/powering-progress-how-rachael-evans-is-energizing-the-automotive-industry-with-leadership-and-balance,MEDIUM,Article
https://csuitemagazine.global/category/innovation/powering-innovation-sundar-pichais-strategic-leadership-at-the-helm-of-google-and-alphabet,MEDIUM,Article
https://csuitemagazine.global/category/innovation/powering-the-future-andy-jassys-strategic-vision-for-amazons-energy-driven-expansion,MEDIUM,Article
https://csuitemagazine.global/category/innovation/powering-the-future-elon-musks-high-stakes-bet-on-energy-innovation,MEDIUM,Article
https://csuitemagazine.global/category/changemakers-and-sustainability/purpose-driven-profit-how-one-ceo-is-transforming-philanthropy-through-technology,MEDIUM,Article
https://csuitemagazine.global/category/startups/from-vision-to-market-victory-the-blueprint-for-concept-commercialization,MEDIUM,Article
https://csuitemagazine.global/category/leadership/angelina-usanova,MEDIUM,Article
https://csuitemagazine.global/category/leadership/reclaiming-drivers-seat-managing-difficult-employee-archetypes,MEDIUM,Article
https://csuitemagazine.global/category/innovation/blueprints-for-billions-5-entrepreneurial-lessons-jeff-bezos,MEDIUM,Article
https://csuitemagazine.global/category/innovation/public-renegade-5-pr-rules-elon-musk,MEDIUM,Article
https://csuitemagazine.global/category/leadership/leading-through-crisis-case-trauma-informed-management,MEDIUM,Article
https://csuitemagazine.global/category/leadership/three-act-structure-persuasion-selling-innovation,MEDIUM,Article
https://csuitemagazine.global/category/science-technology/automatable-enterprise-workforce-robot-work,MEDIUM,Article
https://csuitemagazine.global/category/science-technology/no-code-c-suite-agility-without-engineering,MEDIUM,Article
https://csuitemagazine.global/category/innovation/cash-flow-trap-profitable-companies-die-books,MEDIUM,Article
https://csuitemagazine.global/category/innovation/marketing-age-of-skepticism-trust-conversion-metric,MEDIUM,Article
https://csuitemagazine.global/category/science-technology/scalable-startup-mindset-enterprises-innovate-day-one,MEDIUM,Article
https://csuitemagazine.global/category/innovation/one-sentence-rule-pitch-idea-stick,MEDIUM,Article
https://csuitemagazine.global/category/innovation/bhavesh-aggarwal-india-electric-ai-maverick,MEDIUM,Article
https://csuitemagazine.global/category/leadership/murray-auchincloss-pragmatic-reset-steering-bp-value,MEDIUM,Article
https://csuitemagazine.global/category/leadership/myth-of-happy-entrepreneur-fact-or-fiction,MEDIUM,Article
https://csuitemagazine.global/category/innovation/scaling-up-without-burning-out-guide-growth,MEDIUM,Article
https://csuitemagazine.global/category/innovation/work-smarter-not-longer-5-tactics-reclaim-time,MEDIUM,Article
https://csuitemagazine.global/category/science-technology/new-liability-ai-redefines-corporate-accountability,MEDIUM,Article
https://csuitemagazine.global/category/leadership/ceos-dilemma-balancing-hyper-growth-human-centric-leadership,MEDIUM,Article
https://csuitemagazine.global/category/leadership/narrative-gap-why-strategy-fails-to-land,MEDIUM,Article
https://csuitemagazine.global/category/innovation/decoupling-growth-from-headcount-new-unit-economics,MEDIUM,Article
https://csuitemagazine.global/category/leadership/stop-hiring-for-busy-difference-activity-impact,MEDIUM,Article
https://csuitemagazine.global/category/leadership/crisis-proof-building-brand-equity,MEDIUM,Article
https://csuitemagazine.global/category/leadership/founder-brand-paradox-step-forward-back,MEDIUM,Article
https://csuitemagazine.global/category/innovation/wellness-retention-strategy-top-talent-burned-out,MEDIUM,Article
https://csuitemagazine.global/category/science-technology/closing-innovation-gap-diversity-stem-ceo-priority,MEDIUM,Article
https://csuitemagazine.global/category/leadership/internal-comms-strategy-nervous-system-failing,MEDIUM,Article
https://csuitemagazine.global/category/innovation/beyond-resume-5-core-traits-true-entrepreneurship,MEDIUM,Article
https://csuitemagazine.global/category/leadership/silent-sabotage-3-habits-killing-your-leadership-influence,MEDIUM,Article
https://csuitemagazine.global/category/leadership/cultural-moat-psychological-safety-competitive-advantage,MEDIUM,Article
https://csuitemagazine.global/category/leadership/data-without-soul-fatal-flaw-executive-presentations,MEDIUM,Article
https://csuitemagazine.global/category/innovation/cmo-dilemma-awareness-vanity-metric,MEDIUM,Article
https://csuitemagazine.global/category/science-technology/cloud-sovereignty-data-strategy-geopolitical-strategy,MEDIUM,Article
https://csuitemagazine.global/category/innovation/zero-based-budgeting-growth-fire-previous-year-pnl,MEDIUM,Article
https://csuitemagazine.global/category/leadership/asynchronous-enterprise-meetings-enemy-scale,MEDIUM,Article
https://csuitemagazine.global,LOW,Other
https://csuitemagazine.global/privacy,LOW,Legal
https://csuitemagazine.global/terms,LOW,Legal
