slug,title,tags_count,tags,primary_category
not-every-executive-aims-to-revolutionize-society-but,"Stoyana Natseva: Purposeful Leadership",2,"technology|AI",""
benjamin-borketey,"Benjamin Borketey — Executive Interview",1,"CxO Interview","CXO Interview"
dean-fealk,"Dean Fealk — Executive Interview",1,"CxO Interview","CXO Interview"
bryan-smeltzer,"Bryan Smeltzer — Executive Interview",1,"CxO Interview","CXO Interview"
cal-riley,"Cal Riley — Executive Interview",1,"CxO Interview","CXO Interview"
bill-faruki,"Bill Faruki — Executive Interview",1,"CxO Interview","CXO Interview"
erin-krueger,"Erin Krueger — Executive Interview",1,"CxO Interview","CXO Interview"
brianne-howey,"Brianne Howey — Executive Interview",1,"CxO Interview","CXO Interview"
olga-denysiuk,"Olga Denysiuk — Executive Interview",1,"CxO Interview","CXO Interview"
angelina-usanova,"Angelina Usanova",1,"leadership","Leadership"
supreet-nagi,"Supreet Nagi: Driving Customer-Centric Growth",1,"CxO Interview","CXO Interview"
swami-aniruddha,"Swami Aniruddha: Principles for Modern Leadership",2,"CxO Interview|Leadership","CXO Interview"
john-zangardi,"John Zangardi",1,"CxO Interview","CXO Interview"
dr-basma-ghandourah,"Dr. Basma Ghandourah",1,"CxO Interview","CXO Interview"
stoyana-natseva,"Stoyana Natseva",1,"CxO Interview","CXO Interview"
pankaj-bansal,"Pankaj Bansal",1,"CxO Interview","CXO Interview"
unlocking-executive-performance-through-daily-movement,"Unlocking Executive Performance Through Daily Movement",2,"opinion|AI","Healthcare"
bryce-tully,"Bryce Tully",2,"CxO Interview|AI","CXO Interview"
strategic-global-expansion-mastering-international-market-entry-for-modern-enterprises,"Strategic Global Expansion: Mastering International Market Entry for Modern Enterprises",1,"opinion","Startups"
strategic-downsizing-how-reducing-team-size-boosted-my-companys-bottom-line,"Strategic Downsizing: How Reducing Team Size Boosted My Company's Bottom Line",1,"opinion","Startups"
disrupting-the-disruptors-how-emerging-brands-can-leapfrog-market-leaders,"Disrupting the Disruptors: How Emerging Brands Can Leapfrog Market Leaders",1,"opinion","Startups"
strategic-market-entry-transforming-bold-ideas-into-profitable-ventures,"Strategic Market Entry: Transforming Bold Ideas into Profitable Ventures",1,"opinion","Startups"
breaking-barriers-how-visionary-entrepreneurs-transform-challenges-into-competitive-advantages,"Breaking Barriers: How Visionary Entrepreneurs Transform Challenges into Competitive Advantages",1,"opinion","Startups"
from-vision-to-market-victory-the-blueprint-for-concept-commercialization,"From Vision to Market Victory: The Blueprint for Concept Commercialization",1,"startups","Startups"
josh-moffat-on-commercial-excellence,"Josh Moffat on Commercial Excellence",1,"CxO Interview","Professional Services"
fiona-johnstons-strategic-vision-for-commercial-excellence,"Fiona Johnston's Strategic Vision for Commercial Excellence",1,"CxO Interview","Professional Services"
andrew-quinn-on-commercial-services-innovation,"Andrew Quinn on Commercial Services Innovation",2,"CxO Interview|Innovation","Professional Services"
eurofins-chinas-strategic-expansion,"Eurofins China's Strategic Expansion",1,"CxO Interview","Professional Services"
kento-miura-on-content-driven-innovation,"Kento Miura on Content-Driven Innovation",2,"CxO Interview|Innovation","Professional Services"
isabelle-hannedouche-on-global-expansion-and-strategic-vision,"Isabelle Hannedouche on Global Expansion and Strategic Vision",1,"CxO Interview","Professional Services"
marie-osmonde-le-roy-de-lanauze-molines-on-strategic-vision,"Marie-Osmonde Le Roy de Lanauze-Molines on Strategic Vision",1,"CxO Interview","Professional Services"
nora-frasers-strategic-vision-for-commercial-excellence,"Nora Fraser's Strategic Vision for Commercial Excellence",1,"CxO Interview","Professional Services"
jennifer-peabody-on-accountable-agency-growth,"Jennifer Peabody on Accountable Agency Growth",1,"CxO Interview","Professional Services"
ricky-wong-on-commercial-excellence,"Ricky Wong on Commercial Excellence",1,"CxO Interview","Professional Services"
xavier-gondauds-vision-for-aviation-innovation,"Xavier Gondaud's Vision for Aviation Innovation",2,"CxO Interview|Innovation","Professional Services"
purpose-driven-profit-how-one-ceo-is-transforming-philanthropy-through-technology,"Purpose-Driven Profit: How One CEO is Transforming Philanthropy Through Technology",1,"philanthropy","Changemakers And Sustainability"
australias-premier-superyacht-event-unveils-elite-maritime-excellence,"Australia's Premier Superyacht Event Unveils Elite Maritime Excellence",1,"opinion","Opinion"
why-mid-size-superyachts-are-the-smart-choice-for-discerning-executives,"Why Mid-Size Superyachts Are the Smart Choice for Discerning Executives",1,"opinion","Opinion"
luxury-wilderness-retreats-reconnecting-with-nature-while-maintaining-executive-excellence,"Luxury Wilderness Retreats: Reconnecting with Nature While Maintaining Executive Excellence",2,"opinion|AI","Opinion"
where-ancient-grandeur-meets-contemporary-excellence,"Where Ancient Grandeur Meets Contemporary Excellence",1,"opinion","Opinion"
strategic-insights-from-the-worlds-largest-sand-island,"Strategic Insights from the World’s Largest Sand Island",1,"opinion","Opinion"
londons-premier-sunday-roast-destinations-for-business-executives,"London's Premier Sunday Roast Destinations for Business Executives",1,"opinion","Opinion"
strategic-art-acquisition-for-executive-portfolios,"Strategic Art Acquisition for Executive Portfolios",1,"opinion","Opinion"
frances-premier-executive-retreat-experience,"France's Premier Executive Retreat Experience",1,"opinion","Opinion"
cultural-capitals-of-the-cte-dazur-strategic-destinations-for-business-and-leisure,"Cultural Capitals of the Côte d'Azur: Strategic Destinations for Business and Leisure",1,"opinion","Opinion"
strategic-retirement-planning-for-tech-leaders-in-the-digital-age,"Strategic Retirement Planning for Tech Leaders in the Digital Age",1,"opinion","Money And Finance"
strategic-value-optimization-essential-framework-for-executive-leadership,"Strategic Value Optimization: Essential Framework for Executive Leadership",2,"opinion|Leadership","Money And Finance"
building-sustainable-leadership-through-core-principles,"Building Sustainable Leadership Through Core Principles",3,"opinion|AI|Leadership","Money And Finance"
strategic-commercial-real-estate-investment-for-portfolio-optimization,"Strategic Commercial Real Estate Investment for Portfolio Optimization",1,"opinion","Money And Finance"
strategic-investment-framework-for-executive-decision-making,"Strategic Investment Framework for Executive Decision-Making",1,"opinion","Money And Finance"
why-residential-real-estate-is-losing-ground-with-institutional-investors,"Why Residential Real Estate Is Losing Ground With Institutional Investors",1,"opinion","Money And Finance"
strategic-moves-for-subscription-market-leaders,"Strategic Moves for Subscription Market Leaders",1,"opinion","Money And Finance"
why-residential-real-estate-is-losing-its-investment-appeal-a-market-reality-check,"Why Residential Real Estate Is Losing Its Investment Appeal: A Market Reality Check",1,"opinion","Money And Finance"
beyond-the-monthly-bill-how-intelligent-subscriptions-are-reshaping-customer-loyalty,"Beyond the Monthly Bill: How Intelligent Subscriptions Are Reshaping Customer Loyalty",1,"opinion","Money And Finance"
essential-leadership-qualities-that-drive-tech-startup-success,"Essential Leadership Qualities That Drive Tech Startup Success",2,"opinion|Leadership","Leadership"
time-management-strategies-for-gen-z-leaders-in-the-modern-workplace,"Time Management Strategies for Gen Z Leaders in the Modern Workplace",1,"opinion","Leadership"
surviving-the-holiday-crunch-executive-strategies-for-maintaining-performance-through-year-end-pressure,"Surviving the Holiday Crunch: Executive Strategies for Maintaining Performance Through Year-End Pressure",2,"opinion|AI","Leadership"
the-leadership-evolution-five-transformative-lessons-from-a-quarter-century-of-executive-experience,"The Leadership Evolution: Five Transformative Lessons from a Quarter Century of Executive Experience",2,"opinion|Leadership","Leadership"
samantha-tans-strategic-vision-transforms-motorsport-industry-dynamics,"Samantha Tan's Strategic Vision Transforms Motorsport Industry Dynamics",1,"opinion","Innovation"
redefining-leadership-for-the-modern-executive,"Redefining Leadership for the Modern Executive",2,"opinion|Leadership","Innovation"
women-leading-the-charge-how-female-executives-are-reshaping-corporate-culture,"Women Leading the Charge: How Female Executives Are Reshaping Corporate Culture",1,"opinion","Innovation"
the-monk-who-built-a-media-empire,"The Monk Who Built a Media Empire",1,"opinion","Innovation"
from-court-to-boardroom-a-champions-business-playbook,"From Court to Boardroom - A Champion's Business Playbook",1,"opinion","Innovation"
beyond-compliance-how-cognitive-transformation-drives-sustainable-business-innovation,"Beyond Compliance: How Cognitive Transformation Drives Sustainable Business Innovation",3,"opinion|AI|Innovation","Innovation"
the-hidden-trillion-dollar-water-infrastructure-crisis-threatening-global-business,"The Hidden Trillion-Dollar Water Infrastructure Crisis Threatening Global Business",1,"opinion","Innovation"
the-monastic-mindset-how-jay-shetty-transformed-ancient-wisdom-into-modern-media-empire,"The Monastic Mindset: How Jay Shetty Transformed Ancient Wisdom into Modern Media Empire",1,"opinion","Innovation"
from-court-to-corporation-how-champions-like-sloane-stephens-are-redefining-success-in-business-and-life,"From Court to Corporation: How Champions Like Sloane Stephens Are Redefining Success in Business and Life",1,"opinion","Innovation"
global-retreats-for-peak-performance,"Global Retreats for Peak Performance",1,"opinion","Healthcare"
fiuggis-ancient-waters-modern-wellness-lessons-for-executive-leadership,"Fiuggi's Ancient Waters: Modern Wellness Lessons for Executive Leadership",2,"opinion|Leadership","Healthcare"
premium-sleep-sanctuaries-for-optimal-performance,"Premium Sleep Sanctuaries for Optimal Performance",1,"opinion","Healthcare"
hong-kongs-premier-spa-experiences-for-busy-leaders,"Hong Kong's Premier Spa Experiences for Busy Leaders",1,"opinion","Healthcare"
elite-leadership-retreats-for-peak-performance,"Elite Leadership Retreats for Peak Performance",2,"opinion|Leadership","Healthcare"
why-strategic-rest-drives-executive-performance-and-innovation,"Why Strategic Rest Drives Executive Performance and Innovation",2,"opinion|Innovation","Healthcare"
how-smart-leaders-prioritize-recovery-for-peak-performance,"How Smart Leaders Prioritize Recovery for Peak Performance",1,"opinion","Healthcare"
how-top-leaders-are-using-science-to-optimize-performance-and-decision-making,"How Top Leaders Are Using Science to Optimize Performance and Decision-Making",1,"opinion","Healthcare"
the-hidden-costs-of-digital-distraction-on-executive-performance,"The Hidden Costs of Digital Distraction on Executive Performance",1,"opinion","Healthcare"
kearneys-counterintuitive-strategy-slash-product-lines-to-skyrocket-revenue,"Kearney's Counterintuitive Strategy: Slash Product Lines to Skyrocket Revenue",1,"opinion","Healthcare"
gratitude-as-a-strategic-advantage-for-executive-leadership,"Gratitude as a Strategic Advantage for Executive Leadership",2,"opinion|Leadership","Healthcare"
strategic-resilience-how-executive-wellness-programs-are-transforming-corporate-leadership-performance,"Strategic Resilience: How Executive Wellness Programs Are Transforming Corporate Leadership Performance",2,"opinion|Leadership","Healthcare"
the-productivity-paradox-why-strategic-rest-is-your-companys-competitive-advantage,"The Productivity Paradox: Why Strategic Rest is Your Company's Competitive Advantage",1,"opinion","Healthcare"
the-paradox-of-plenty-why-strategic-product-reduction-drives-revenue-growth,"The Paradox of Plenty: Why Strategic Product Reduction Drives Revenue Growth",1,"opinion","Healthcare"
the-gratitude-advantage-how-appreciation-drives-sustainable-business-performance,"The Gratitude Advantage: How Appreciation Drives Sustainable Business Performance",2,"opinion|AI","Healthcare"
powering-the-future-elon-musks-high-stakes-bet-on-energy-innovation,"Powering the Future: Elon Musk’s High-Stakes Bet on Energy Innovation",2,"energy|Innovation","Innovation"
powering-the-future-andy-jassys-strategic-vision-for-amazons-energy-driven-expansion,"Powering the Future: Andy Jassy’s Strategic Vision for Amazon’s Energy-Driven Expansion",2,"energy|AI","Innovation"
powering-innovation-sundar-pichais-strategic-leadership-at-the-helm-of-google-and-alphabet,"Powering Innovation: Sundar Pichai's Strategic Leadership at the Helm of Google and Alphabet",3,"energy|AI|Leadership","Innovation"
powering-progress-how-strategic-b2b-engagement-drives-sustainable-growth-in-the-energy-sector,"Powering Progress: How Strategic B2B Engagement Drives Sustainable Growth in the Energy Sector",3,"energy|AI|Innovation","Innovation"
powering-progress-how-rachael-evans-is-energizing-the-automotive-industry-with-leadership-and-balance,"Powering Progress: How Rachael Evans Is Energizing the Automotive Industry with Leadership and Balance",3,"energy|AI|Leadership","Innovation"
mohammad-dehghani-on-science-and-technology-innovation,"Mohammad Dehghani on Science and Technology Innovation",2,"CxO Interview|Innovation","Education"
stephen-dackins-vision-for-educational-excellence,"Stephen Dackin's Vision for Educational Excellence",1,"CxO Interview","Education"
justin-schwartzs-strategic-vision-for-educational-innovation,"Justin Schwartz's Strategic Vision for Educational Innovation",2,"CxO Interview|Innovation","Education"
anders-bjarklevs-vision-for-educational-transformation,"Anders Bjarklev's Vision for Educational Transformation",1,"CxO Interview","Education"
william-wilsons-vision-for-transformative-education,"William Wilson's Vision for Transformative Education",1,"CxO Interview","Education"
martha-dunagin-saunders-on-educational-innovation,"Martha Dunagin Saunders on Educational Innovation",2,"CxO Interview|Innovation","Education"
stuart-crofts-vision-for-educational-transformation,"Stuart Croft's Vision for Educational Transformation",1,"CxO Interview","Education"
rhea-laws-vision-for-educational-excellence,"Rhea Law's Vision for Educational Excellence",1,"CxO Interview","Education"
joan-gurdias-vision-for-educational-transformation,"Joan Guàrdia's Vision for Educational Transformation",1,"CxO Interview","Education"
jacqueline-edmondson-on-transforming-education-through-innovation,"Jacqueline Edmondson on Transforming Education Through Innovation",2,"CxO Interview|Innovation","Education"
ryan-pinto-on-revolutionizing-education-for-tomorrows-leaders,"Ryan Pinto on Revolutionizing Education for Tomorrow's Leaders",1,"CxO Interview","Education"
john-farahis-vision-for-entertainment-innovation,"John Farahi's Vision for Entertainment Innovation",3,"CxO Interview|AI|Innovation","CXO Interview"
bob-bagbys-vision-for-entertainment-innovation,"Bob Bagby's Vision for Entertainment Innovation",3,"CxO Interview|AI|Innovation","CXO Interview"
harjinder-shergill-chimas-strategic-vision,"Harjinder Shergill Chima's Strategic Vision",1,"CxO Interview","CXO Interview"
building-entertainment-empires-lester-elders-executive-vision,"Building Entertainment Empires: Lester Elder's Executive Vision",2,"CxO Interview|AI","CXO Interview"
david-prossers-strategic-fitness-revolution,"David Prosser's Strategic Fitness Revolution",1,"CxO Interview","CXO Interview"
azhan-shafriman-hanifs-strategic-vision,"Azhan Shafriman Hanif's Strategic Vision",1,"CxO Interview","CXO Interview"
henry-mccanns-blueprint-for-construction-industry-excellence,"Henry McCann's Blueprint for Construction Industry Excellence",1,"CxO Interview","Construction And Mining"
swami-iyers-strategic-vision-for-construction-innovation,"Swami Iyer's Strategic Vision for Construction Innovation",2,"CxO Interview|Innovation","Construction And Mining"
vincent-ngs-high-rise-vision,"Vincent Ng's High-Rise Vision",1,"CxO Interview","Construction And Mining"
george-constantinous-construction-empire,"George Constantinou's Construction Empire",1,"CxO Interview","Construction And Mining"
manish-gargs-vertical-vision,"Manish Garg's Vertical Vision",1,"CxO Interview","Construction And Mining"
sarada-bhushan-mohanty-on-construction-innovation,"Sarada Bhushan Mohanty on Construction Innovation",2,"CxO Interview|Innovation","Construction And Mining"
steve-boland-on-elevating-construction-standards,"Steve Boland on Elevating Construction Standards",1,"CxO Interview","Construction And Mining"
curt-crossland-on-construction-innovation,"Curt Crossland on Construction Innovation",2,"CxO Interview|Innovation","Construction And Mining"
tirthankar-roys-steel-industry-vision,"Tirthankar Roy's Steel Industry Vision",1,"CxO Interview","Construction And Mining"
anthony-tan-on-constructions-digital-transformation,"Anthony Tan on Construction's Digital Transformation",1,"CxO Interview","Construction And Mining"
alan-nortjes-blueprint-for-construction-innovation,"Alan Nortje's Blueprint for Construction Innovation",2,"CxO Interview|Innovation","Construction And Mining"
superyacht-soire-2022-redefining-maritime-luxury-for-elite-executives,"Superyacht Soirée 2022: Redefining Maritime Luxury for Elite Executives",1,"opinion","Changemakers And Sustainability"
strategic-navigation-how-superyacht-innovation-drives-maritime-business-evolution,"Strategic Navigation: How Superyacht Innovation Drives Maritime Business Evolution",2,"opinion|Innovation","Changemakers And Sustainability"
elevating-corporate-entertainment-through-luxury-culinary-experiences-at-sea,"Elevating Corporate Entertainment Through Luxury Culinary Experiences at Sea",2,"opinion|AI","Changemakers And Sustainability"
transforming-naval-heritage-into-premium-maritime-experiences,"Transforming Naval Heritage into Premium Maritime Experiences",1,"opinion","Changemakers And Sustainability"
new-englands-emerging-markets-strategic-investment-opportunities-for-2024,"New England's Emerging Markets: Strategic Investment Opportunities for 2024",1,"opinion","Changemakers And Sustainability"
formula-ones-elite-hospitality-revolution-redefining-premium-race-experiences-globally,"Formula One's Elite Hospitality Revolution: Redefining Premium Race Experiences Globally",1,"opinion","Changemakers And Sustainability"
exclusive-culinary-experiences-in-the-maldives-for-discerning-executives,"Exclusive Culinary Experiences in the Maldives for Discerning Executives",1,"opinion","Changemakers And Sustainability"
premium-local-wines-and-culinary-excellence,"Premium Local Wines and Culinary Excellence",1,"opinion","Changemakers And Sustainability"
singapores-leading-sustainable-bars-where-corporate-responsibility-meets-culinary-excellence,"Singapore's Leading Sustainable Bars: Where Corporate Responsibility Meets Culinary Excellence",2,"opinion|AI","Changemakers And Sustainability"
the-oceans-premium-protein-revolution,"The Ocean's Premium Protein Revolution",1,"opinion","Changemakers And Sustainability"
where-business-meets-artistic-excellence,"Where Business Meets Artistic Excellence",1,"opinion","Changemakers And Sustainability"
climate-inaction-equals-corporate-risk-the-lobbying-threat-to-business-leadership,"Climate Inaction Equals Corporate Risk: The Lobbying Threat to Business Leadership",2,"opinion|Leadership","Changemakers And Sustainability"
elevating-the-floating-dining-experience-how-modern-cruises-are-revolutionizing-culinary-excellence-at-sea,"Elevating the Floating Dining Experience: How Modern Cruises Are Revolutionizing Culinary Excellence at Sea",1,"opinion","Changemakers And Sustainability"
from-naval-steel-to-nautical-nirvana-how-military-vessels-are-revolutionizing-the-superyacht-industry,"From Naval Steel to Nautical Nirvana: How Military Vessels Are Revolutionizing the Superyacht Industry",1,"opinion","Changemakers And Sustainability"
bridging-centuries-how-chateau-de-collias-transforms-heritage-hospitality-into-modern-market-success,"Bridging Centuries: How Chateau de Collias Transforms Heritage Hospitality into Modern Market Success",1,"opinion","Changemakers And Sustainability"
beyond-the-beach-kgaris-untapped-economic-potential-in-sustainable-tourism,"Beyond the Beach: K'gari's Untapped Economic Potential in Sustainable Tourism",2,"opinion|AI","Changemakers And Sustainability"
green-libations-how-singapores-eco-conscious-bars-are-redefining-the-hospitality-industry,"Green Libations: How Singapore's Eco-Conscious Bars Are Redefining the Hospitality Industry",1,"opinion","Changemakers And Sustainability"
the-oceans-hidden-gem-why-pearl-meat-is-revolutionizing-sustainable-seafood-markets,"The Ocean's Hidden Gem: Why Pearl Meat is Revolutionizing Sustainable Seafood Markets",2,"opinion|AI","Changemakers And Sustainability"
the-floating-boardroom-how-seine-river-cruises-are-redefining-executive-retreats-in-the-heart-of-paris,"The Floating Boardroom: How Seine River Cruises Are Redefining Executive Retreats in the Heart of Paris",1,"opinion","Changemakers And Sustainability"
breaking-the-glass-ceiling-strategic-pathways-for-women-to-ascend-to-executive-leadership,"Breaking the Glass Ceiling: Strategic Pathways for Women to Ascend to Executive Leadership",2,"opinion|Leadership","Leadership"
navigating-uncertainty-evan-greenbergs-strategic-leadership-at-chubb,"Navigating Uncertainty: Evan Greenberg’s Strategic Leadership at Chubb",3,"bfsi|AI|Leadership","Money And Finance"
charting-a-new-course-jane-frasers-strategic-overhaul-of-citigroup,"Charting a New Course: Jane Fraser’s Strategic Overhaul of Citigroup",1,"bfsi","Money And Finance"
vic-cheungs-vision-for-automotive-innovation,"Vic Cheung's Vision for Automotive Innovation",2,"CxO Interview|Innovation","Automotive And Logistics"
martijn-blanken-on-aviations-next-frontier,"Martijn Blanken on Aviation's Next Frontier",1,"CxO Interview","Automotive And Logistics"
vikas-duttas-strategic-vision-for-global-logistics-innovation,"Vikas Dutta's Strategic Vision for Global Logistics Innovation",2,"CxO Interview|Innovation","Automotive And Logistics"
sriram-iyer-on-sustainable-palm-oil-innovation,"Sriram Iyer on Sustainable Palm Oil Innovation",3,"CxO Interview|AI|Innovation","Automotive And Logistics"
r-mohans-strategic-vision-for-automotive-innovation,"R Mohan's Strategic Vision for Automotive Innovation",2,"CxO Interview|Innovation","Automotive And Logistics"
twinchok-tanthuwanits-strategic-vision-for-automotive-aviation,"Twinchok Tanthuwanit's Strategic Vision for Automotive Aviation",1,"CxO Interview","Automotive And Logistics"
sml-isuzus-strategic-transformation-in-motion,"SML Isuzu's Strategic Transformation in Motion",1,"CxO Interview","Automotive And Logistics"
richelle-singson-michaels-aviation-vision,"Richelle Singson Michael's Aviation Vision",1,"CxO Interview","Automotive And Logistics"
rgis-lacotes-olympic-sized-vision-for-automotive-aviation,"Régis Lacote's Olympic-Sized Vision for Automotive Aviation",1,"CxO Interview","Automotive And Logistics"
antje-lochmanns-vision-for-automotive-innovation,"Antje Lochmann's Vision for Automotive Innovation",2,"CxO Interview|Innovation","Automotive And Logistics"
andreas-bareis-on-automotive-innovation,"Andreas Bareis on Automotive Innovation",2,"CxO Interview|Innovation","Automotive And Logistics"
the-visionaries-shaping-tomorrows-business-landscape,"The Visionaries Shaping Tomorrow's Business Landscape",1,"opinion","Innovation"
the-decision-makers-shaping-tomorrows-business-landscape,"The Decision-Makers Shaping Tomorrow's Business Landscape",1,"opinion","Leadership"
strategic-leadership-in-the-digital-age,"Strategic Leadership in the Digital Age",2,"opinion|Leadership",""
strategic-leadership-navigating-tomorrows-business-challenges,"Strategic Leadership: Navigating Tomorrow's Business Challenges",2,"opinion|Leadership","Leadership"
strategic-leadership-navigating-tomorrows-business-challenges-today,"Strategic Leadership: Navigating Tomorrow's Business Challenges Today",2,"opinion|Leadership","Leadership"
the-visionary-leaders-shaping-tomorrows-business-landscape,"The Visionary Leaders Shaping Tomorrow's Business Landscape",1,"opinion","Leadership"
inside-the-rooms-where-decisions-shape-industries,"Inside the Rooms Where Decisions Shape Industries",1,"opinion","Leadership"
strategic-leadership-driving-enterprise-growth-in-the-digital-age,"Strategic Leadership: Driving Enterprise Growth in the Digital Age",2,"opinion|Leadership",""
strategic-leadership-in-the-modern-enterprise,"Strategic Leadership in the Modern Enterprise",2,"opinion|Leadership","Leadership"
australias-top-business-leaders-who-really-shapes-success,"Australia's Top Business Leaders: Who Really Shapes Success?",1,"opinion",""
australias-elite-gather-awards-night-insights,"Australia's Elite Gather: Awards Night Insights",1,"opinion",""
from-vision-to-market-victory-the-entrepreneurs-blueprint-for-concept-commercialization,"From Vision to Market Victory: The Entrepreneur's Blueprint for Concept Commercialization",1,"opinion","Startups"
growth-with-integrity-scaling-your-business-while-preserving-core-values,"Growth with Integrity: Scaling Your Business While Preserving Core Values",1,"opinion",""