id,title,slug,writer,writer_slug,primary_category,publishedAt,_createdAt,_updatedAt,published_year,date_status
"iVn352lnQzrBdeP679jlTj","Not Every Executive Aims To Revolutionize Society, But Stoyana Natseva Knew Her Direction Would Be Unique. Subtly Influential, Purposefully Deliberate, And Spiritually Motivated, Her Objective Extends Beyond Guidanceit's To Inspire Enlightenment","not-every-executive-aims-to-revolutionize-society-but","Raj Patel","raj-patel","","","2025-11-06T17:09:38Z","2025-11-08T07:38:38Z","","missing_publishedAt"
"KGEAgIEt6gkQLdV5lSZKOC","Supreet Nagi","supreet-nagi","Raj Patel","raj-patel","cxo-interview","2025-11-07T08:33:21.882Z","2025-11-07T08:33:22Z","2025-11-08T02:36:28Z","2025","ok"
"KGEAgIEt6gkQLdV5lSZJMo","Swami Aniruddha","swami-aniruddha","Sarah Johnson","sarah-johnson","cxo-interview","2025-11-07T08:33:16.687Z","2025-11-07T08:33:17Z","2025-11-08T02:36:01Z","2025","ok"
"6FGiNia5tWM9A0y146T0bN","John Zangardi","john-zangardi","Priya Raman","priya-raman","cxo-interview","2025-11-07T08:33:11.240Z","2025-11-07T08:33:12Z","2025-11-08T02:35:35Z","2025","ok"
"6FGiNia5tWM9A0y146SyqV","Dr. Basma Ghandourah","dr-basma-ghandourah","Priya Raman","priya-raman","cxo-interview","2025-11-07T08:33:05.596Z","2025-11-07T08:33:06Z","2025-11-08T02:36:48Z","2025","ok"
"iVn352lnQzrBdeP67CLroJ","Stoyana Natseva","stoyana-natseva","Raj Patel","raj-patel","cxo-interview","2025-11-07T08:32:59.392Z","2025-11-07T08:33:00Z","2025-11-08T02:38:21Z","2025","ok"
"KGEAgIEt6gkQLdV5lSZFvP","Pankaj Bansal","pankaj-bansal","Sarah Johnson","sarah-johnson","cxo-interview","2025-11-07T08:32:53.484Z","2025-11-07T08:32:54Z","2025-11-08T02:35:48Z","2025","ok"
"2i7iadib5QZf8Z2hekfqnS","Unlocking Executive Performance Through Daily Movement","unlocking-executive-performance-through-daily-movement","Raj Patel","raj-patel","healthcare","2025-11-07T02:21:49.754Z","2025-11-02T00:04:06Z","2025-11-07T04:16:29Z","2025","ok"
"6FGiNia5tWM9A0y142DNeH","Bryce Tully","bryce-tully","Priya Raman","priya-raman","cxo-interview","2025-11-06T23:08:45.064Z","2025-11-06T23:08:46Z","2025-11-08T02:35:24Z","2025","ok"
"CLZyEnOmHFQ0HoyBtIURXy","Strategic Global Expansion: Mastering International Market Entry for Modern Enterprises","strategic-global-expansion-mastering-international-market-entry-for-modern-enterprises","Priya Raman","priya-raman","startups","2025-11-02T20:59:06.790Z","2025-11-02T00:03:24Z","2025-11-07T04:17:13Z","2025","ok"
"VzElbecBTke30RM0jLUU2C","Strategic Downsizing: How Reducing Team Size Boosted My Company's Bottom Line","strategic-downsizing-how-reducing-team-size-boosted-my-companys-bottom-line","Michael Chen","michael-chen","startups","2025-11-02T20:59:03.856Z","2025-11-02T00:03:21Z","2025-11-07T04:18:00Z","2025","ok"
"2i7iadib5QZf8Z2hekfoLq","Disrupting the Disruptors: How Emerging Brands Can Leapfrog Market Leaders","disrupting-the-disruptors-how-emerging-brands-can-leapfrog-market-leaders","Maya Whitfield","maya-whitfield","startups","2025-11-02T20:58:59.728Z","2025-11-02T00:03:16Z","2025-11-07T04:16:23Z","2025","ok"
"VzElbecBTke30RM0jLUTrD","Darey and Deola Art Alade: Revolutionizing Industries Through Bold Entrepreneurial Vision","darey-and-deola-art-alade-revolutionizing-industries-through-bold-entrepreneurial-vision","Martin Kessler","martin-kessler","startups","2025-11-02T20:58:56.245Z","2025-11-02T00:03:12Z","2025-11-07T04:17:58Z","2025","ok"
"2i7iadib5QZf8Z2hekfoDm","Strategic Market Entry: Transforming Bold Ideas into Profitable Ventures","strategic-market-entry-transforming-bold-ideas-into-profitable-ventures","Linh Nguyen","linh-nguyen","startups","2025-11-02T20:58:52.505Z","2025-11-02T00:03:08Z","2025-11-07T04:16:21Z","2025","ok"
"2i7iadib5QZf8Z2hekfO9e","Breaking Barriers: How Visionary Entrepreneurs Transform Challenges into Competitive Advantages","breaking-barriers-how-visionary-entrepreneurs-transform-challenges-into-competitive-advantages","Emma Williams","emma-williams","startups","2025-11-02T20:58:49.179Z","2025-11-01T23:59:44Z","2025-11-07T04:15:55Z","2025","ok"
"VzElbecBTke30RM0jT0rqI","From Vision to Market Victory: The 's Blueprint for Concept Commercialization","from-vision-to-market-victory-the-s-blueprint-for-concept-commercialization","Elena Petrov","elena-petrov","startups","2025-11-02T20:58:45.256Z","2025-11-02T20:58:46Z","2025-11-07T04:18:14Z","2025","ok"
"2i7iadib5QZf8Z2hekfHWM","Josh Moffat on Commercial Excellence","josh-moffat-on-commercial-excellence","David Okoro","david-okoro","professional-services","2025-11-02T20:58:41.806Z","2025-11-01T23:57:04Z","2025-11-07T04:15:36Z","2025","ok"
"VzElbecBTke30RM0jLTSmx","Fiona Johnston's Strategic Vision for Commercial Excellence","fiona-johnstons-strategic-vision-for-commercial-excellence","Carlos Mendes","carlos-mendes","professional-services","2025-11-02T20:58:38.413Z","2025-11-01T23:56:59Z","2025-11-07T04:17:21Z","2025","ok"
"CLZyEnOmHFQ0HoyBtIUHj2","Andrew Quinn on Commercial Services Innovation","andrew-quinn-on-commercial-services-innovation","Arjun Mehta","arjun-mehta","professional-services","2025-11-02T20:58:34.009Z","2025-11-01T23:56:55Z","2025-11-07T04:16:58Z","2025","ok"
"2i7iadib5QZf8Z2hekfHGE","Eurofins China's Strategic Expansion","eurofins-chinas-strategic-expansion","Alicia Gomez","alicia-gomez","professional-services","2025-11-02T20:58:30.319Z","2025-11-01T23:56:50Z","2025-11-07T04:15:35Z","2025","ok"
"2i7iadib5QZf8Z2hekfH6Y","Kento Miura on Content-Driven Innovation","kento-miura-on-content-driven-innovation","Aisha Farouk","aisha-farouk","professional-services","2025-11-02T20:58:25.924Z","2025-11-01T23:56:46Z","2025-11-07T04:15:34Z","2025","ok"
"CLZyEnOmHFQ0HoyBtIUHVA","Isabelle Hannedouche on Global Expansion and Strategic Vision","isabelle-hannedouche-on-global-expansion-and-strategic-vision","Sofia Alvarez","sofia-alvarez","professional-services","2025-11-02T20:58:22.250Z","2025-11-01T23:56:41Z","2025-11-07T04:16:57Z","2025","ok"
"CLZyEnOmHFQ0HoyBtIUHK4","Marie-Osmonde Le Roy de Lanauze-Molines on Strategic Vision","marie-osmonde-le-roy-de-lanauze-molines-on-strategic-vision","Sarah Johnson","sarah-johnson","professional-services","2025-11-02T20:58:18.407Z","2025-11-01T23:56:36Z","2025-11-07T04:16:56Z","2025","ok"
"2i7iadib5QZf8Z2hekfGqQ","Nora Fraser's Strategic Vision for Commercial Excellence","nora-frasers-strategic-vision-for-commercial-excellence","Raj Patel","raj-patel","professional-services","2025-11-02T20:58:15.409Z","2025-11-01T23:56:33Z","2025-11-07T04:15:33Z","2025","ok"
"CLZyEnOmHFQ0HoyBtIUGti","Jennifer Peabody on Accountable Agency Growth","jennifer-peabody-on-accountable-agency-growth","Priya Raman","priya-raman","professional-services","2025-11-02T20:58:11.499Z","2025-11-01T23:56:27Z","2025-11-07T04:16:55Z","2025","ok"
"CLZyEnOmHFQ0HoyBtIUGhE","Ricky Wong on Commercial Excellence","ricky-wong-on-commercial-excellence","Michael Chen","michael-chen","professional-services","2025-11-02T20:58:06.662Z","2025-11-01T23:56:22Z","2025-11-07T04:16:54Z","2025","ok"
"CLZyEnOmHFQ0HoyBtIUGaI","Xavier Gondaud's Vision for Aviation Innovation","xavier-gondauds-vision-for-aviation-innovation","Maya Whitfield","maya-whitfield","professional-services","2025-11-02T20:58:03.207Z","2025-11-01T23:56:18Z","2025-11-07T04:16:53Z","2025","ok"
"VzElbecBTke30RM0jT0qXk","Purpose-Driven Profit: How One CEO is Transforming Philanthropy Through Technology","purpose-driven-profit-how-one-ceo-is-transforming-philanthropy-through-technology","Martin Kessler","martin-kessler","changemakers-and-sustainability","2025-11-02T20:57:59.833Z","2025-11-02T20:58:00Z","2025-11-07T11:45:45Z","2025","ok"
"2i7iadib5QZf8Z2hekeurW","Australia's Premier Superyacht Event Unveils Elite Maritime Excellence","australias-premier-superyacht-event-unveils-elite-maritime-excellence","Linh Nguyen","linh-nguyen","opinion","2025-11-02T20:57:56.138Z","2025-11-01T23:36:30Z","2025-11-07T04:15:29Z","2025","ok"
"2i7iadib5QZf8Z2hekfs1G","Why Mid-Size Superyachts Are the Smart Choice for Discerning Executives","why-mid-size-superyachts-are-the-smart-choice-for-discerning-executives","Emma Williams","emma-williams","opinion","2025-11-02T20:57:52.180Z","2025-11-02T00:04:51Z","2025-11-07T04:16:40Z","2025","ok"
"2i7iadib5QZf8Z2hekfnKw","Luxury Wilderness Retreats: Reconnecting with Nature While Maintaining Executive Excellence","luxury-wilderness-retreats-reconnecting-with-nature-while-maintaining-executive-excellence","Elena Petrov","elena-petrov","opinion","2025-11-02T20:57:49.249Z","2025-11-02T00:02:41Z","2025-11-07T04:16:15Z","2025","ok"
"VzElbecBTke30RM0jLURJm","Where Ancient Grandeur Meets Contemporary Excellence","where-ancient-grandeur-meets-contemporary-excellence","David Okoro","david-okoro","opinion","2025-11-02T20:57:45.968Z","2025-11-02T00:02:35Z","2025-11-07T04:17:54Z","2025","ok"
"CLZyEnOmHFQ0HoyBtIUR0g","Strategic Insights from the World’s Largest Sand Island","strategic-insights-from-the-worlds-largest-sand-island","Carlos Mendes","carlos-mendes","opinion","2025-11-02T20:57:42.471Z","2025-11-02T00:02:31Z","2025-11-07T04:17:11Z","2025","ok"
"2i7iadib5QZf8Z2hekfmn4","London's Premier Sunday Roast Destinations for Business Executives","londons-premier-sunday-roast-destinations-for-business-executives","Arjun Mehta","arjun-mehta","opinion","2025-11-02T20:57:39.149Z","2025-11-02T00:02:21Z","2025-11-07T04:16:13Z","2025","ok"
"2i7iadib5QZf8Z2hekfmOs","Strategic Art Acquisition for Executive Portfolios","strategic-art-acquisition-for-executive-portfolios","Alicia Gomez","alicia-gomez","opinion","2025-11-02T20:57:34.299Z","2025-11-02T00:02:11Z","2025-11-07T04:16:10Z","2025","ok"
"2i7iadib5QZf8Z2hekfm8k","France's Premier Executive Retreat Experience","frances-premier-executive-retreat-experience","Aisha Farouk","aisha-farouk","opinion","2025-11-02T20:57:29.656Z","2025-11-02T00:02:04Z","2025-11-07T04:16:08Z","2025","ok"
"VzElbecBTke30RM0jLTbwS","Cultural Capitals of the Côte d'Azur: Strategic Destinations for Business and Leisure","cultural-capitals-of-the-cte-dazur-strategic-destinations-for-business-and-leisure","Sofia Alvarez","sofia-alvarez","opinion","2025-11-02T20:57:24.825Z","2025-11-01T23:59:53Z","2025-11-07T04:17:40Z","2025","ok"
"VzElbecBTke30RM0jLUVrh","Strategic Retirement Planning for Tech Leaders in the Digital Age","strategic-retirement-planning-for-tech-leaders-in-the-digital-age","Sarah Johnson","sarah-johnson","money-and-finance","2025-11-02T20:57:21.357Z","2025-11-02T00:03:52Z","2025-11-07T04:18:04Z","2025","ok"
"VzElbecBTke30RM0jLUVH5","Strategic Value Optimization: Essential Framework for Executive Leadership","strategic-value-optimization-essential-framework-for-executive-leadership","Raj Patel","raj-patel","money-and-finance","2025-11-02T20:57:17.535Z","2025-11-02T00:03:47Z","2025-11-07T04:18:03Z","2025","ok"
"CLZyEnOmHFQ0HoyBtIUTJY","Building Sustainable Leadership Through Core Principles","building-sustainable-leadership-through-core-principles","Priya Raman","priya-raman","money-and-finance","2025-11-02T20:57:12.878Z","2025-11-02T00:03:42Z","2025-11-07T04:17:14Z","2025","ok"
"2i7iadib5QZf8Z2hekfqSU","Strategic Commercial Real Estate Investment for Portfolio Optimization","strategic-commercial-real-estate-investment-for-portfolio-optimization","Michael Chen","michael-chen","money-and-finance","2025-11-02T20:57:09.802Z","2025-11-02T00:03:39Z","2025-11-07T04:16:26Z","2025","ok"
"2i7iadib5QZf8Z2hekfogo","Strategic Investment Framework for Executive Decision-Making","strategic-investment-framework-for-executive-decision-making","Maya Whitfield","maya-whitfield","money-and-finance","2025-11-02T20:57:06.558Z","2025-11-02T00:03:34Z","2025-11-07T04:16:24Z","2025","ok"
"VzElbecBTke30RM0jLUUVU","Why Residential Real Estate Is Losing Ground With Institutional Investors","why-residential-real-estate-is-losing-ground-with-institutional-investors","Martin Kessler","martin-kessler","money-and-finance","2025-11-02T20:57:03.233Z","2025-11-02T00:03:31Z","2025-11-07T04:18:02Z","2025","ok"
"VzElbecBTke30RM0jLUUKV","Strategic Moves for Subscription Market Leaders","strategic-moves-for-subscription-market-leaders","Linh Nguyen","linh-nguyen","money-and-finance","2025-11-02T20:56:59.122Z","2025-11-02T00:03:27Z","2025-11-07T04:18:01Z","2025","ok"
"VzElbecBTke30RM0jLTZa0","Why Residential Real Estate Is Losing Its Investment Appeal: A Market Reality Check","why-residential-real-estate-is-losing-its-investment-appeal-a-market-reality-check","Emma Williams","emma-williams","money-and-finance","2025-11-02T20:56:54.901Z","2025-11-01T23:59:17Z","2025-11-07T04:17:34Z","2025","ok"
"VzElbecBTke30RM0jLTZP1","Beyond the Monthly Bill: How Intelligent Subscriptions Are Reshaping Customer Loyalty","beyond-the-monthly-bill-how-intelligent-subscriptions-are-reshaping-customer-loyalty","Elena Petrov","elena-petrov","money-and-finance","2025-11-02T20:56:51.779Z","2025-11-01T23:59:12Z","2025-11-08T04:28:02Z","2025","ok"
"VzElbecBTke30RM0jLULeI","Essential Leadership Qualities That Drive Tech Startup Success","essential-leadership-qualities-that-drive-tech-startup-success","David Okoro","david-okoro","leadership","2025-11-02T20:56:46.399Z","2025-11-02T00:01:00Z","2025-11-07T04:17:46Z","2025","ok"
"2i7iadib5QZf8Z2hekfkOg","Time Management Strategies for Gen Z Leaders in the Modern Workplace","time-management-strategies-for-gen-z-leaders-in-the-modern-workplace","Carlos Mendes","carlos-mendes","leadership","2025-11-02T20:56:43.309Z","2025-11-02T00:00:56Z","2025-11-07T04:16:03Z","2025","ok"
"VzElbecBTke30RM0jLUDNi","Surviving the Holiday Crunch: Executive Strategies for Maintaining Performance Through Year-End Pressure","surviving-the-holiday-crunch-executive-strategies-for-maintaining-performance-through-year-end-pressure","Arjun Mehta","arjun-mehta","leadership","2025-11-02T20:56:40.057Z","2025-11-02T00:00:31Z","2025-11-07T04:17:42Z","2025","ok"
"VzElbecBTke30RM0jLTb3X","The Leadership Evolution: Five Transformative Lessons from a Quarter Century of Executive Experience","the-leadership-evolution-five-transformative-lessons-from-a-quarter-century-of-executive-experience","Alicia Gomez","alicia-gomez","leadership","2025-11-02T20:56:36.194Z","2025-11-01T23:59:33Z","2025-11-07T04:17:38Z","2025","ok"
"2i7iadib5QZf8Z2hekfnso","Samantha Tan's Strategic Vision Transforms Motorsport Industry Dynamics","samantha-tans-strategic-vision-transforms-motorsport-industry-dynamics","Aisha Farouk","aisha-farouk","innovation","2025-11-02T20:56:33.066Z","2025-11-02T00:03:05Z","2025-11-07T04:16:20Z","2025","ok"
"CLZyEnOmHFQ0HoyBtIUR7c","Redefining Leadership for the Modern Executive","redefining-leadership-for-the-modern-executive","Sofia Alvarez","sofia-alvarez","innovation","2025-11-02T20:56:29.021Z","2025-11-02T00:03:00Z","2025-11-07T04:17:12Z","2025","ok"
"2i7iadib5QZf8Z2hekfnj8","Women Leading the Charge: How Female Executives Are Reshaping Corporate Culture","women-leading-the-charge-how-female-executives-are-reshaping-corporate-culture","Sarah Johnson","sarah-johnson","innovation","2025-11-02T20:56:24.973Z","2025-11-02T00:02:56Z","2025-11-07T04:16:19Z","2025","ok"
"VzElbecBTke30RM0jLUSGM","The Monk Who Built a Media Empire","the-monk-who-built-a-media-empire","Raj Patel","raj-patel","innovation","2025-11-02T20:56:21.536Z","2025-11-02T00:02:52Z","2025-11-07T04:17:57Z","2025","ok"
"2i7iadib5QZf8Z2hekfnb4","From Court to Boardroom - A Champion's Business Playbook","from-court-to-boardroom-a-champions-business-playbook","Priya Raman","priya-raman","innovation","2025-11-02T20:56:17.712Z","2025-11-02T00:02:48Z","2025-11-07T04:16:18Z","2025","ok"
"2i7iadib5QZf8Z2hekfNf0","Beyond Compliance: How Cognitive Transformation Drives Sustainable Business Innovation","beyond-compliance-how-cognitive-transformation-drives-sustainable-business-innovation","Michael Chen","michael-chen","innovation","2025-11-02T20:56:14.221Z","2025-11-01T23:59:30Z","2025-11-07T04:15:52Z","2025","ok"
"VzElbecBTke30RM0jLTaaF","The Hidden Trillion-Dollar Water Infrastructure Crisis Threatening Global Business","the-hidden-trillion-dollar-water-infrastructure-crisis-threatening-global-business","Maya Whitfield","maya-whitfield","innovation","2025-11-02T20:56:09.662Z","2025-11-01T23:59:27Z","2025-11-07T04:17:37Z","2025","ok"
"VzElbecBTke30RM0jLTZE2","The Monastic Mindset: How Jay Shetty Transformed Ancient Wisdom into Modern Media Empire","the-monastic-mindset-how-jay-shetty-transformed-ancient-wisdom-into-modern-media-empire","Martin Kessler","martin-kessler","innovation","2025-11-02T20:56:05.627Z","2025-11-01T23:59:08Z","2025-11-07T04:17:31Z","2025","ok"
"CLZyEnOmHFQ0HoyBtIUKiu","From Court to Corporation: How Champions Like Sloane Stephens Are Redefining Success in Business and Life","from-court-to-corporation-how-champions-like-sloane-stephens-are-redefining-success-in-business-and-life","Linh Nguyen","linh-nguyen","innovation","2025-11-02T20:56:02.112Z","2025-11-01T23:59:05Z","2025-11-08T04:27:58Z","2025","ok"
"VzElbecBTke30RM0jLUYE9","Global Retreats for Peak Performance","global-retreats-for-peak-performance","Emma Williams","emma-williams","healthcare","2025-11-02T20:55:58.700Z","2025-11-02T00:04:38Z","2025-11-07T04:18:07Z","2025","ok"
"CLZyEnOmHFQ0HoyBtIUTcy","Fiuggi's Ancient Waters: Modern Wellness Lessons for Executive Leadership","fiuggis-ancient-waters-modern-wellness-lessons-for-executive-leadership","Elena Petrov","elena-petrov","healthcare","2025-11-02T20:55:55.304Z","2025-11-02T00:04:35Z","2025-11-07T04:17:15Z","2025","ok"
"2i7iadib5QZf8Z2hekfrZq","Premium Sleep Sanctuaries for Optimal Performance","premium-sleep-sanctuaries-for-optimal-performance","David Okoro","david-okoro","healthcare","2025-11-02T20:55:51.735Z","2025-11-02T00:04:30Z","2025-11-07T04:16:36Z","2025","ok"
"VzElbecBTke30RM0jLUXZs","Hong Kong's Premier Spa Experiences for Busy Leaders","hong-kongs-premier-spa-experiences-for-busy-leaders","Carlos Mendes","carlos-mendes","healthcare","2025-11-02T20:55:47.625Z","2025-11-02T00:04:27Z","2025-11-07T04:18:06Z","2025","ok"
"2i7iadib5QZf8Z2hekfrLK","Elite Leadership Retreats for Peak Performance","elite-leadership-retreats-for-peak-performance","Arjun Mehta","arjun-mehta","healthcare","2025-11-02T20:55:43.937Z","2025-11-02T00:04:23Z","2025-11-07T04:16:35Z","2025","ok"
"2i7iadib5QZf8Z2hekfrDG","Why Strategic Rest Drives Executive Performance and Innovation","why-strategic-rest-drives-executive-performance-and-innovation","Alicia Gomez","alicia-gomez","healthcare","2025-11-02T20:55:39.218Z","2025-11-02T00:04:20Z","2025-11-07T04:16:34Z","2025","ok"
"2i7iadib5QZf8Z2hekfr1y","How Smart Leaders Prioritize Recovery for Peak Performance","how-smart-leaders-prioritize-recovery-for-peak-performance","Aisha Farouk","aisha-farouk","healthcare","2025-11-02T20:55:35.954Z","2025-11-02T00:04:17Z","2025-11-07T04:16:33Z","2025","ok"
"2i7iadib5QZf8Z2hekfqx8","How Top Leaders Are Using Science to Optimize Performance and Decision-Making","how-top-leaders-are-using-science-to-optimize-performance-and-decision-making","Sofia Alvarez","sofia-alvarez","healthcare","2025-11-02T20:55:32.108Z","2025-11-02T00:04:13Z","2025-11-07T04:16:31Z","2025","ok"
"2i7iadib5QZf8Z2hekfqsI","The Hidden Costs of Digital Distraction on Executive Performance","the-hidden-costs-of-digital-distraction-on-executive-performance","Sarah Johnson","sarah-johnson","healthcare","2025-11-02T20:55:28.681Z","2025-11-02T00:04:09Z","2025-11-07T04:16:30Z","2025","ok"
"2i7iadib5QZf8Z2hekfqic","Kearney's Counterintuitive Strategy: Slash Product Lines to Skyrocket Revenue","kearneys-counterintuitive-strategy-slash-product-lines-to-skyrocket-revenue","Priya Raman","priya-raman","healthcare","2025-11-02T20:55:21.928Z","2025-11-02T00:04:01Z","2025-11-07T04:16:27Z","2025","ok"
"VzElbecBTke30RM0jLUWKz","Gratitude as a Strategic Advantage for Executive Leadership","gratitude-as-a-strategic-advantage-for-executive-leadership","Michael Chen","michael-chen","healthcare","2025-11-02T20:55:17.654Z","2025-11-02T00:03:56Z","2025-11-08T04:28:04Z","2025","ok"
"CLZyEnOmHFQ0HoyBtIUMT6","Strategic Resilience: How Executive Wellness Programs Are Transforming Corporate Leadership Performance","strategic-resilience-how-executive-wellness-programs-are-transforming-corporate-leadership-performance","Maya Whitfield","maya-whitfield","healthcare","2025-11-02T20:55:13.697Z","2025-11-02T00:00:10Z","2025-11-08T04:27:59Z","2025","ok"
"VzElbecBTke30RM0jLTcM5","The Productivity Paradox: Why Strategic Rest is Your Company's Competitive Advantage","the-productivity-paradox-why-strategic-rest-is-your-companys-competitive-advantage","Martin Kessler","martin-kessler","healthcare","2025-11-02T20:55:08.440Z","2025-11-02T00:00:06Z","2025-11-07T04:17:41Z","2025","ok"
"VzElbecBTke30RM0jLTaAc","The Paradox of Plenty: Why Strategic Product Reduction Drives Revenue Growth","the-paradox-of-plenty-why-strategic-product-reduction-drives-revenue-growth","Linh Nguyen","linh-nguyen","healthcare","2025-11-02T20:55:03.643Z","2025-11-01T23:59:23Z","2025-11-07T04:17:36Z","2025","ok"
"VzElbecBTke30RM0jLTZvy","The Gratitude Advantage: How Appreciation Drives Sustainable Business Performance","the-gratitude-advantage-how-appreciation-drives-sustainable-business-performance","Emma Williams","emma-williams","healthcare","2025-11-02T20:54:59.945Z","2025-11-01T23:59:20Z","2025-11-07T04:17:36Z","2025","ok"
"VzElbecBTke30RM0jT0dYG","Powering the Future: Elon Musk’s High-Stakes Bet on Energy Innovation","powering-the-future-elon-musks-high-stakes-bet-on-energy-innovation","Elena Petrov","elena-petrov","innovation","2025-11-02T20:54:55.955Z","2025-11-02T20:54:56Z","2025-11-07T11:45:58Z","2025","ok"
"VzElbecBTke30RM0jT0dNH","Powering the Future: Andy Jassy’s Strategic Vision for Amazon’s Energy-Driven Expansion","powering-the-future-andy-jassys-strategic-vision-for-amazons-energy-driven-expansion","David Okoro","david-okoro","innovation","2025-11-02T20:54:53.146Z","2025-11-02T20:54:53Z","2025-11-07T11:45:56Z","2025","ok"
"VzElbecBTke30RM0jT0dCI","Powering Innovation: Sundar Pichai's Strategic Leadership at the Helm of Google and Alphabet","powering-innovation-sundar-pichais-strategic-leadership-at-the-helm-of-google-and-alphabet","Carlos Mendes","carlos-mendes","innovation","2025-11-02T20:54:49.873Z","2025-11-02T20:54:50Z","2025-11-07T11:45:55Z","2025","ok"
"2i7iadib5QZf8Z2heoh2PG","Powering Progress: How Strategic B2B Engagement Drives Sustainable Growth in the Energy Sector","powering-progress-how-strategic-b2b-engagement-drives-sustainable-growth-in-the-energy-sector","Arjun Mehta","arjun-mehta","innovation","2025-11-02T20:54:46.015Z","2025-11-02T20:54:46Z","2025-11-07T11:45:53Z","2025","ok"
"VzElbecBTke30RM0jT0cmf","Powering Progress: How Rachael Evans Is Energizing the Automotive Industry with Leadership and Balance","powering-progress-how-rachael-evans-is-energizing-the-automotive-industry-with-leadership-and-balance","Alicia Gomez","alicia-gomez","innovation","2025-11-02T20:54:42.822Z","2025-11-02T20:54:43Z","2025-11-07T11:45:54Z","2025","ok"
"VzElbecBTke30RM0jLTXvU","Mohammad Dehghani on Science and Technology Innovation","mohammad-dehghani-on-science-and-technology-innovation","Aisha Farouk","aisha-farouk","education","2025-11-02T20:54:39.246Z","2025-11-01T23:58:36Z","2025-11-07T04:17:29Z","2025","ok"
"2i7iadib5QZf8Z2hekfL26","Stephen Dackin's Vision for Educational Excellence","stephen-dackins-vision-for-educational-excellence","Sofia Alvarez","sofia-alvarez","education","2025-11-02T20:54:34.928Z","2025-11-01T23:58:32Z","2025-11-08T04:27:53Z","2025","ok"
"CLZyEnOmHFQ0HoyBtIUK0W","Justin Schwartz's Strategic Vision for Educational Innovation","justin-schwartzs-strategic-vision-for-educational-innovation","Sarah Johnson","sarah-johnson","education","2025-11-02T20:54:30.558Z","2025-11-01T23:58:27Z","2025-11-07T04:17:03Z","2025","ok"
"VzElbecBTke30RM0jLTXHD","Anders Bjarklev's Vision for Educational Transformation","anders-bjarklevs-vision-for-educational-transformation","Raj Patel","raj-patel","education","2025-11-02T20:54:26.626Z","2025-11-01T23:58:24Z","2025-11-07T04:17:28Z","2025","ok"
"VzElbecBTke30RM0jLTX2Z","William Wilson's Vision for Transformative Education","william-wilsons-vision-for-transformative-education","Priya Raman","priya-raman","education","2025-11-02T20:54:22.037Z","2025-11-01T23:58:20Z","2025-11-07T04:17:27Z","2025","ok"
"CLZyEnOmHFQ0HoyBtIUJlG","Martha Dunagin Saunders on Educational Innovation","martha-dunagin-saunders-on-educational-innovation","Michael Chen","michael-chen","education","2025-11-02T20:54:17.767Z","2025-11-01T23:58:15Z","2025-11-08T04:27:57Z","2025","ok"
"2i7iadib5QZf8Z2hekfK1C","Stuart Croft's Vision for Educational Transformation","stuart-crofts-vision-for-educational-transformation","Maya Whitfield","maya-whitfield","education","2025-11-02T20:54:14.508Z","2025-11-01T23:58:10Z","2025-11-08T04:27:52Z","2025","ok"
"2i7iadib5QZf8Z2hekfJrW","Rhea Law's Vision for Educational Excellence","rhea-laws-vision-for-educational-excellence","Martin Kessler","martin-kessler","education","2025-11-02T20:54:10.362Z","2025-11-01T23:58:06Z","2025-11-08T04:27:51Z","2025","ok"
"VzElbecBTke30RM0jLTWGy","Joan Guàrdia's Vision for Educational Transformation","joan-gurdias-vision-for-educational-transformation","Linh Nguyen","linh-nguyen","education","2025-11-02T20:54:06.461Z","2025-11-01T23:58:03Z","2025-11-07T04:17:26Z","2025","ok"
"2i7iadib5QZf8Z2hekfJbO","Jacqueline Edmondson on Transforming Education Through Innovation","jacqueline-edmondson-on-transforming-education-through-innovation","Emma Williams","emma-williams","education","2025-11-02T20:54:02.835Z","2025-11-01T23:57:58Z","2025-11-07T04:15:44Z","2025","ok"
"2i7iadib5QZf8Z2hekfJWY","Ryan Pinto on Revolutionizing Education for Tomorrow's Leaders","ryan-pinto-on-revolutionizing-education-for-tomorrows-leaders","Elena Petrov","elena-petrov","education","2025-11-02T20:53:58.148Z","2025-11-01T23:57:54Z","2025-11-07T04:15:43Z","2025","ok"
"CLZyEnOmHFQ0HoyBtIU44u","John Farahi's Vision for Entertainment Innovation","john-farahis-vision-for-entertainment-innovation","David Okoro","david-okoro","cxo-interview","2025-11-02T20:53:54.335Z","2025-11-01T23:36:27Z","2025-11-07T04:16:45Z","2025","ok"
"2i7iadib5QZf8Z2hekfLq6","Bob Bagby's Vision for Entertainment Innovation","bob-bagbys-vision-for-entertainment-innovation","Carlos Mendes","carlos-mendes","cxo-interview","2025-11-02T20:53:50.274Z","2025-11-01T23:58:57Z","2025-11-08T04:27:54Z","2025","ok"
"2i7iadib5QZf8Z2hekfLeo","Harjinder Shergill Chima's Strategic Vision","harjinder-shergill-chimas-strategic-vision","Arjun Mehta","arjun-mehta","cxo-interview","2025-11-02T20:53:46.999Z","2025-11-01T23:58:52Z","2025-11-07T04:15:50Z","2025","ok"
"VzElbecBTke30RM0jLTYdQ","Building Entertainment Empires: Lester Elder's Executive Vision","building-entertainment-empires-lester-elders-executive-vision","Alicia Gomez","alicia-gomez","cxo-interview","2025-11-02T20:53:43.122Z","2025-11-01T23:58:48Z","2025-11-07T04:17:30Z","2025","ok"
"CLZyEnOmHFQ0HoyBtIUKTe","David Prosser's Strategic Fitness Revolution","david-prossers-strategic-fitness-revolution","Aisha Farouk","aisha-farouk","cxo-interview","2025-11-02T20:53:39.523Z","2025-11-01T23:58:45Z","2025-11-07T04:17:04Z","2025","ok"
"2i7iadib5QZf8Z2hekfLOg","Azhan Shafriman Hanif's Strategic Vision","azhan-shafriman-hanifs-strategic-vision","Sofia Alvarez","sofia-alvarez","cxo-interview","2025-11-02T20:53:35.017Z","2025-11-01T23:58:41Z","2025-11-07T04:15:49Z","2025","ok"
"2i7iadib5QZf8Z2hekfJOU","Henry McCann's Blueprint for Construction Industry Excellence","henry-mccanns-blueprint-for-construction-industry-excellence","Sarah Johnson","sarah-johnson","construction-and-mining","2025-11-02T20:53:31.127Z","2025-11-01T23:57:50Z","2025-11-07T04:15:42Z","2025","ok"
"VzElbecBTke30RM0jLTVk1","Swami Iyer's Strategic Vision for Construction Innovation","swami-iyers-strategic-vision-for-construction-innovation","Raj Patel","raj-patel","construction-and-mining","2025-11-02T20:53:27.789Z","2025-11-01T23:57:44Z","2025-11-07T04:17:25Z","2025","ok"
"CLZyEnOmHFQ0HoyBtIUItA","Vincent Ng's High-Rise Vision","vincent-ngs-high-rise-vision","Priya Raman","priya-raman","construction-and-mining","2025-11-02T20:53:23.328Z","2025-11-01T23:57:40Z","2025-11-07T04:17:01Z","2025","ok"
"2i7iadib5QZf8Z2hekfIx4","George Constantinou's Construction Empire","george-constantinous-construction-empire","Michael Chen","michael-chen","construction-and-mining","2025-11-02T20:53:19.248Z","2025-11-01T23:57:37Z","2025-11-07T04:15:40Z","2025","ok"
"VzElbecBTke30RM0jLTV25","Manish Garg's Vertical Vision","manish-gargs-vertical-vision","Maya Whitfield","maya-whitfield","construction-and-mining","2025-11-02T20:53:15.357Z","2025-11-01T23:57:33Z","2025-11-07T04:17:24Z","2025","ok"
"VzElbecBTke30RM0jLTUYn","Sarada Bhushan Mohanty on Construction Innovation","sarada-bhushan-mohanty-on-construction-innovation","Martin Kessler","martin-kessler","construction-and-mining","2025-11-02T20:53:11.671Z","2025-11-01T23:57:29Z","2025-11-07T04:17:23Z","2025","ok"
"2i7iadib5QZf8Z2hekfIYs","Steve Boland on Elevating Construction Standards","steve-boland-on-elevating-construction-standards","Linh Nguyen","linh-nguyen","construction-and-mining","2025-11-02T20:53:07.139Z","2025-11-01T23:57:25Z","2025-11-08T04:27:50Z","2025","ok"
"CLZyEnOmHFQ0HoyBtIUIRQ","Curt Crossland on Construction Innovation","curt-crossland-on-construction-innovation","Emma Williams","emma-williams","construction-and-mining","2025-11-02T20:53:03.814Z","2025-11-01T23:57:22Z","2025-11-07T04:17:00Z","2025","ok"
"2i7iadib5QZf8Z2hekfHzO","Tirthankar Roy's Steel Industry Vision","tirthankar-roys-steel-industry-vision","Elena Petrov","elena-petrov","construction-and-mining","2025-11-02T20:53:00.121Z","2025-11-01T23:57:17Z","2025-11-07T04:15:38Z","2025","ok"
"VzElbecBTke30RM0jLTTJu","Anthony Tan on Construction's Digital Transformation","anthony-tan-on-constructions-digital-transformation","David Okoro","david-okoro","construction-and-mining","2025-11-02T20:52:56.791Z","2025-11-01T23:57:13Z","2025-11-08T04:28:01Z","2025","ok"
"2i7iadib5QZf8Z2hekfHeQ","Alan Nortje's Blueprint for Construction Innovation","alan-nortjes-blueprint-for-construction-innovation","Carlos Mendes","carlos-mendes","construction-and-mining","2025-11-02T20:52:53.316Z","2025-11-01T23:57:09Z","2025-11-08T04:27:49Z","2025","ok"
"2i7iadib5QZf8Z2hekfs9K","Superyacht Soirée 2022: Redefining Maritime Luxury for Elite Executives","superyacht-soire-2022-redefining-maritime-luxury-for-elite-executives","Arjun Mehta","arjun-mehta","changemakers-and-sustainability","2025-11-02T20:52:48.066Z","2025-11-02T00:04:58Z","2025-11-07T04:16:41Z","2025","ok"
"VzElbecBTke30RM0jLUYol","Strategic Navigation: How Superyacht Innovation Drives Maritime Business Evolution","strategic-navigation-how-superyacht-innovation-drives-maritime-business-evolution","Alicia Gomez","alicia-gomez","changemakers-and-sustainability","2025-11-02T20:52:44.686Z","2025-11-02T00:04:54Z","2025-11-07T04:18:08Z","2025","ok"
"2i7iadib5QZf8Z2hekfrtC","Elevating Corporate Entertainment Through Luxury Culinary Experiences at Sea","elevating-corporate-entertainment-through-luxury-culinary-experiences-at-sea","Aisha Farouk","aisha-farouk","changemakers-and-sustainability","2025-11-02T20:52:40.220Z","2025-11-02T00:04:47Z","2025-11-07T04:16:38Z","2025","ok"
"2i7iadib5QZf8Z2hekfrl8","Transforming Naval Heritage into Premium Maritime Experiences","transforming-naval-heritage-into-premium-maritime-experiences","Sofia Alvarez","sofia-alvarez","changemakers-and-sustainability","2025-11-02T20:52:35.886Z","2025-11-02T00:04:43Z","2025-11-07T04:16:37Z","2025","ok"
"2i7iadib5QZf8Z2hekfnT0","New England's Emerging Markets: Strategic Investment Opportunities for 2024","new-englands-emerging-markets-strategic-investment-opportunities-for-2024","Sarah Johnson","sarah-johnson","changemakers-and-sustainability","2025-11-02T20:52:31.904Z","2025-11-02T00:02:45Z","2025-11-07T04:16:16Z","2025","ok"
"VzElbecBTke30RM0jLURjP","Formula One's Elite Hospitality Revolution: Redefining Premium Race Experiences Globally","formula-ones-elite-hospitality-revolution-redefining-premium-race-experiences-globally","Raj Patel","raj-patel","changemakers-and-sustainability","2025-11-02T20:52:27.948Z","2025-11-02T00:02:39Z","2025-11-07T04:17:55Z","2025","ok"
"2i7iadib5QZf8Z2hekfmzy","Exclusive Culinary Experiences in the Maldives for Discerning Executives","exclusive-culinary-experiences-in-the-maldives-for-discerning-executives","Priya Raman","priya-raman","changemakers-and-sustainability","2025-11-02T20:52:23.182Z","2025-11-02T00:02:28Z","2025-11-07T04:16:14Z","2025","ok"
"VzElbecBTke30RM0jLUQJX","Premium Local Wines and Culinary Excellence","premium-local-wines-and-culinary-excellence","Michael Chen","michael-chen","changemakers-and-sustainability","2025-11-02T20:52:18.819Z","2025-11-02T00:02:24Z","2025-11-07T04:17:53Z","2025","ok"
"2i7iadib5QZf8Z2hekfmbm","Singapore's Leading Sustainable Bars: Where Corporate Responsibility Meets Culinary Excellence","singapores-leading-sustainable-bars-where-corporate-responsibility-meets-culinary-excellence","Maya Whitfield","maya-whitfield","changemakers-and-sustainability","2025-11-02T20:52:15.456Z","2025-11-02T00:02:18Z","2025-11-07T04:16:12Z","2025","ok"
"2i7iadib5QZf8Z2hekfmTi","The Ocean's Premium Protein Revolution","the-oceans-premium-protein-revolution","Martin Kessler","martin-kessler","changemakers-and-sustainability","2025-11-02T20:52:11.765Z","2025-11-02T00:02:15Z","2025-11-07T04:16:11Z","2025","ok"
"VzElbecBTke30RM0jLUPiv","Where Business Meets Artistic Excellence","where-business-meets-artistic-excellence","Linh Nguyen","linh-nguyen","changemakers-and-sustainability","2025-11-02T20:52:08.617Z","2025-11-02T00:02:08Z","2025-11-07T04:17:52Z","2025","ok"
"VzElbecBTke30RM0jLULwb","Climate Inaction Equals Corporate Risk: The Lobbying Threat to Business Leadership","climate-inaction-equals-corporate-risk-the-lobbying-threat-to-business-leadership","Emma Williams","emma-williams","changemakers-and-sustainability","2025-11-02T20:52:03.726Z","2025-11-02T00:01:04Z","2025-11-07T04:17:48Z","2025","ok"
"2i7iadib5QZf8Z2hekfdAI","Elevating the Floating Dining Experience: How Modern Cruises Are Revolutionizing Culinary Excellence at Sea","elevating-the-floating-dining-experience-how-modern-cruises-are-revolutionizing-culinary-excellence-at-sea","Elena Petrov","elena-petrov","changemakers-and-sustainability","2025-11-02T20:51:59.837Z","2025-11-02T00:00:27Z","2025-11-07T04:16:01Z","2025","ok"
"2i7iadib5QZf8Z2hekfcMI","From Naval Steel to Nautical Nirvana: How Military Vessels Are Revolutionizing the Superyacht Industry","from-naval-steel-to-nautical-nirvana-how-military-vessels-are-revolutionizing-the-superyacht-industry","David Okoro","david-okoro","changemakers-and-sustainability","2025-11-02T20:51:56.643Z","2025-11-02T00:00:22Z","2025-11-07T04:15:59Z","2025","ok"
"2i7iadib5QZf8Z2hekfQD4","Bridging Centuries: How Chateau de Collias Transforms Heritage Hospitality into Modern Market Success","bridging-centuries-how-chateau-de-collias-transforms-heritage-hospitality-into-modern-market-success","Carlos Mendes","carlos-mendes","changemakers-and-sustainability","2025-11-02T20:51:53.293Z","2025-11-02T00:00:18Z","2025-11-07T04:15:58Z","2025","ok"
"CLZyEnOmHFQ0HoyBtIUMs4","Beyond the Beach: K'gari's Untapped Economic Potential in Sustainable Tourism","beyond-the-beach-kgaris-untapped-economic-potential-in-sustainable-tourism","Arjun Mehta","arjun-mehta","changemakers-and-sustainability","2025-11-02T20:51:49.427Z","2025-11-02T00:00:14Z","2025-11-08T04:28:00Z","2025","ok"
"2i7iadib5QZf8Z2hekfOUc","Green Libations: How Singapore's Eco-Conscious Bars Are Redefining the Hospitality Industry","green-libations-how-singapores-eco-conscious-bars-are-redefining-the-hospitality-industry","Alicia Gomez","alicia-gomez","changemakers-and-sustainability","2025-11-02T20:51:44.529Z","2025-11-02T00:00:01Z","2025-11-07T04:15:57Z","2025","ok"
"CLZyEnOmHFQ0HoyBtIUM48","The Ocean's Hidden Gem: Why Pearl Meat is Revolutionizing Sustainable Seafood Markets","the-oceans-hidden-gem-why-pearl-meat-is-revolutionizing-sustainable-seafood-markets","Aisha Farouk","aisha-farouk","changemakers-and-sustainability","2025-11-02T20:51:40.814Z","2025-11-01T23:59:57Z","2025-11-07T04:17:06Z","2025","ok"
"2i7iadib5QZf8Z2hekfOHi","The Floating Boardroom: How Seine River Cruises Are Redefining Executive Retreats in the Heart of Paris","the-floating-boardroom-how-seine-river-cruises-are-redefining-executive-retreats-in-the-heart-of-paris","Sofia Alvarez","sofia-alvarez","changemakers-and-sustainability","2025-11-02T20:51:36.495Z","2025-11-01T23:59:48Z","2025-11-07T04:15:56Z","2025","ok"
"VzElbecBTke30RM0jLUFZB","Breaking the Glass Ceiling: Strategic Pathways for Women to Ascend to Executive Leadership","breaking-the-glass-ceiling-strategic-pathways-for-women-to-ascend-to-executive-leadership","Sarah Johnson","sarah-johnson","leadership","2025-11-02T20:51:31.646Z","2025-11-02T00:00:35Z","2025-11-07T11:45:48Z","2025","ok"
"CLZyEnOmHFQ0HoyBtLdWmi","Navigating Uncertainty: Evan Greenberg’s Strategic Leadership at Chubb","navigating-uncertainty-evan-greenbergs-strategic-leadership-at-chubb","Raj Patel","raj-patel","money-and-finance","2025-11-02T20:51:28.145Z","2025-11-02T20:51:28Z","2025-11-07T11:45:51Z","2025","ok"
"CLZyEnOmHFQ0HoyBtLdWiY","Charting a New Course: Jane Fraser’s Strategic Overhaul of Citigroup","charting-a-new-course-jane-frasers-strategic-overhaul-of-citigroup","Priya Raman","priya-raman","money-and-finance","2025-11-02T20:51:24.610Z","2025-11-02T20:51:25Z","2025-11-07T11:45:50Z","2025","ok"
"CLZyEnOmHFQ0HoyBtIUGRy","Vic Cheung's Vision for Automotive Innovation","vic-cheungs-vision-for-automotive-innovation","Michael Chen","michael-chen","automotive-and-logistics","2025-11-02T20:51:20.206Z","2025-11-01T23:56:14Z","2025-11-07T04:16:51Z","2025","ok"
"VzElbecBTke30RM0jLTQq8","Martijn Blanken on Aviation's Next Frontier","martijn-blanken-on-aviations-next-frontier","Maya Whitfield","maya-whitfield","automotive-and-logistics","2025-11-02T20:51:16.599Z","2025-11-01T23:56:09Z","2025-11-07T04:17:20Z","2025","ok"
"2i7iadib5QZf8Z2hekfGFK","Vikas Dutta's Strategic Vision for Global Logistics Innovation","vikas-duttas-strategic-vision-for-global-logistics-innovation","Martin Kessler","martin-kessler","automotive-and-logistics","2025-11-02T20:51:12.885Z","2025-11-01T23:56:06Z","2025-11-07T04:15:32Z","2025","ok"
"CLZyEnOmHFQ0HoyBtIUGBK","Sriram Iyer on Sustainable Palm Oil Innovation","sriram-iyer-on-sustainable-palm-oil-innovation","Linh Nguyen","linh-nguyen","automotive-and-logistics","2025-11-02T20:51:09.199Z","2025-11-01T23:56:01Z","2025-11-08T04:27:56Z","2025","ok"
"CLZyEnOmHFQ0HoyBtIUG4O","R Mohan's Strategic Vision for Automotive Innovation","r-mohans-strategic-vision-for-automotive-innovation","Emma Williams","emma-williams","automotive-and-logistics","2025-11-02T20:51:05.142Z","2025-11-01T23:55:57Z","2025-11-07T04:16:48Z","2025","ok"
"CLZyEnOmHFQ0HoyBtIUFgo","Twinchok Tanthuwanit's Strategic Vision for Automotive Aviation","twinchok-tanthuwanits-strategic-vision-for-automotive-aviation","Elena Petrov","elena-petrov","automotive-and-logistics","2025-11-02T20:51:01.599Z","2025-11-01T23:55:53Z","2025-11-07T04:16:47Z","2025","ok"
"CLZyEnOmHFQ0HoyBtIUFX6","SML Isuzu's Strategic Transformation in Motion","sml-isuzus-strategic-transformation-in-motion","David Okoro","david-okoro","automotive-and-logistics","2025-11-02T20:50:57.325Z","2025-11-01T23:55:48Z","2025-11-07T04:16:46Z","2025","ok"
"VzElbecBTke30RM0jLTPeu","Richelle Singson Michael's Aviation Vision","richelle-singson-michaels-aviation-vision","Carlos Mendes","carlos-mendes","automotive-and-logistics","2025-11-02T20:50:52.385Z","2025-11-01T23:55:42Z","2025-11-07T04:17:19Z","2025","ok"
"VzElbecBTke30RM0jLTPMb","Régis Lacote's Olympic-Sized Vision for Automotive Aviation","rgis-lacotes-olympic-sized-vision-for-automotive-aviation","Arjun Mehta","arjun-mehta","automotive-and-logistics","2025-11-02T20:50:48.314Z","2025-11-01T23:55:38Z","2025-11-07T04:17:18Z","2025","ok"
"2i7iadib5QZf8Z2hekfFRK","Antje Lochmann's Vision for Automotive Innovation","antje-lochmanns-vision-for-automotive-innovation","Alicia Gomez","alicia-gomez","automotive-and-logistics","2025-11-02T20:50:42.785Z","2025-11-01T23:55:33Z","2025-11-07T04:15:31Z","2025","ok"
"CLZyEnOmHFQ0HoyBtIUF5M","Andreas Bareis on Automotive Innovation","andreas-bareis-on-automotive-innovation","Aisha Farouk","aisha-farouk","automotive-and-logistics","2025-11-02T20:50:38.020Z","2025-11-01T23:55:28Z","2025-11-07T04:16:45Z","2025","ok"
"VzElbecBTke30RM0jLUN4A","The Visionaries Shaping Tomorrow's Business Landscape","the-visionaries-shaping-tomorrows-business-landscape","Emma Williams","emma-williams","innovation","2025-11-02T00:02:00.099Z","2025-11-02T00:01:21Z","2025-11-07T04:17:49Z","2025","ok"
"VzElbecBTke30RM0jLUOxK","The Decision-Makers Shaping Tomorrow's Business Landscape","the-decision-makers-shaping-tomorrows-business-landscape","Elena Petrov","elena-petrov","leadership","2025-11-02T00:01:56.672Z","2025-11-02T00:01:57Z","2025-11-07T04:17:51Z","2025","ok"
"2i7iadib5QZf8Z2hekflxS","Strategic Leadership in the Digital Age","strategic-leadership-in-the-digital-age","David Okoro","david-okoro","","2025-11-02T00:01:53.275Z","2025-11-02T00:01:53Z","2025-11-07T04:16:07Z","2025","ok"
"VzElbecBTke30RM0jLUMlr","Strategic Leadership: Navigating Tomorrow's Business Challenges","strategic-leadership-navigating-tomorrows-business-challenges","Carlos Mendes","carlos-mendes","leadership","2025-11-02T00:01:49.087Z","2025-11-02T00:01:14Z","2025-11-07T04:17:48Z","2025","ok"
"VzElbecBTke30RM0jLUG68","Strategic Leadership: Navigating Tomorrow's Business Challenges Today","strategic-leadership-navigating-tomorrows-business-challenges-today","Arjun Mehta","arjun-mehta","leadership","2025-11-02T00:01:41.911Z","2025-11-02T00:00:38Z","2025-11-07T04:17:44Z","2025","ok"
"VzElbecBTke30RM0jLULTJ","The Visionary Leaders Shaping Tomorrow's Business Landscape","the-visionary-leaders-shaping-tomorrows-business-landscape","Alicia Gomez","alicia-gomez","leadership","2025-11-02T00:01:38.571Z","2025-11-02T00:00:53Z","2025-11-07T04:17:45Z","2025","ok"
"2i7iadib5QZf8Z2hekfl9S","Inside the Rooms Where Decisions Shape Industries","inside-the-rooms-where-decisions-shape-industries","Aisha Farouk","aisha-farouk","leadership","2025-11-02T00:01:35.279Z","2025-11-02T00:01:35Z","2025-11-07T04:16:06Z","2025","ok"
"CLZyEnOmHFQ0HoyBtIUQII","Strategic Leadership: Driving Enterprise Growth in the Digital Age","strategic-leadership-driving-enterprise-growth-in-the-digital-age","Sarah Johnson","sarah-johnson","","2025-11-02T00:01:28.014Z","2025-11-02T00:01:28Z","2025-11-07T04:17:10Z","2025","ok"
"2i7iadib5QZf8Z2hekfkyA","Strategic Leadership in the Modern Enterprise","strategic-leadership-in-the-modern-enterprise","Raj Patel","raj-patel","leadership","2025-11-02T00:01:24.568Z","2025-11-02T00:01:24Z","2025-11-07T04:16:04Z","2025","ok"
"CLZyEnOmHFQ0HoyBtIUQ7C","Australia's Top Business Leaders: Who Really Shapes Success?","australias-top-business-leaders-who-really-shapes-success","Michael Chen","michael-chen","","2025-11-02T00:01:17.366Z","2025-11-02T00:01:17Z","2025-11-07T04:17:09Z","2025","ok"
"2i7iadib5QZf8Z2hekfiec","Australia's Elite Gather: Awards Night Insights","australias-elite-gather-awards-night-insights","Arjun Mehta","arjun-mehta","","2025-11-02T00:00:49.284Z","2025-11-02T00:00:49Z","2025-11-07T04:16:02Z","2025","ok"
"2i7iadib5QZf8Z2hekfO4o","From Vision to Market Victory: The Entrepreneur's Blueprint for Concept Commercialization","from-vision-to-market-victory-the-entrepreneurs-blueprint-for-concept-commercialization","Aisha Farouk","aisha-farouk","startups","2025-11-01T23:59:40.169Z","2025-11-01T23:59:40Z","2025-11-07T04:15:54Z","2025","ok"
"2i7iadib5QZf8Z2hekfNv8","Growth with Integrity: Scaling Your Business While Preserving Core Values","growth-with-integrity-scaling-your-business-while-preserving-core-values","Sofia Alvarez","sofia-alvarez","","2025-11-01T23:59:37.224Z","2025-11-01T23:59:37Z","2025-11-08T04:27:55Z","2025","ok"
